Workbook

Sheet Calculation
A1: Product name | D1: portion | E1: 7 | G1: Product name | J1: portion | M1: Product name | P1: portion | S1: Product name | V1: portion | Y1: Product name | AB1: portion | AE1: Product name | AH1: portion | AK1: Product name | AN1: portion | AQ1: Product name | AT1: portion | AW1: Product name | AZ1: portion | BC1: Product name | BF1: portion | BI1: Product name | BL1: portion
A3: # | B3: Grocery | C3: Quantity | D3: price | G3: # | H3: Grocery | I3: Quantity | J3: price | M3: # | N3: Grocery | O3: Quantity | P3: price | S3: # | T3: Grocery | U3: Quantity | V3: price | Y3: # | Z3: Grocery | AA3: Quantity | AB3: price | AE3: # | AF3: Grocery | AG3: Quantity | AH3: price | AK3: # | AL3: Grocery | AM3: Quantity | AN3: price | AQ3: # | AR3: Grocery | AS3: Quantity | AT3: price | AW3: # | AX3: Grocery | AY3: Quantity | AZ3: price | BC3: # | BD3: Grocery | BE3: Quantity | BF3: price | BI3: # | BJ3: Grocery | BK3: Quantity | BL3: price
A4: 1 | D4: =IFERROR(C4 * VLOOKUP(B4, settings!$A$2:$F$500, 4, FALSE), 0) -> 0 | G4: 1 | J4: =IFERROR(I4 * VLOOKUP(H4, settings!$A$2:$F$500, 4, FALSE), 0) -> 0 | M4: 1 | P4: =IFERROR(O4 * VLOOKUP(N4, settings!$A$2:$F$500, 4, FALSE), 0) -> 0 | S4: 1 | V4: =IFERROR(U4 * VLOOKUP(T4, settings!$A$2:$F$500, 4, FALSE), 0) -> 0 | Y4: 1 | AB4: =IFERROR(AA4 * VLOOKUP(Z4, settings!$A$2:$F$500, 4, FALSE), 0) -> 0 | AE4: 1 | AH4: =IFERROR(AG4 * VLOOKUP(AF4, settings!$A$2:$F$500, 4, FALSE), 0) -> 0 | AK4: 1 | AN4: =IFERROR(AM4 * VLOOKUP(AL4, settings!$A$2:$F$500, 4, FALSE), 0) -> 0 | AQ4: 1 | AT4: =IFERROR(AS4 * VLOOKUP(AR4, settings!$A$2:$F$500, 4, FALSE), 0) -> 0 | AW4: 1 | AZ4: =IFERROR(AY4 * VLOOKUP(AX4, settings!$A$2:$F$500, 4, FALSE), 0) -> 0 | BC4: 1 | BF4: =IFERROR(BE4 * VLOOKUP(BD4, settings!$A$2:$F$500, 4, FALSE), 0) -> 0 | BI4: 1 | BL4: =IFERROR(BK4 * VLOOKUP(BJ4, settings!$A$2:$F$500, 4, FALSE), 0) -> 0
A5: 2 | D5: =IFERROR(C5 * VLOOKUP(B5, settings!$A$2:$F$500, 4, FALSE), 0) -> 0 | G5: 2 | J5: =IFERROR(I5 * VLOOKUP(H5, settings!$A$2:$F$500, 4, FALSE), 0) -> 0 | M5: 2 | P5: =IFERROR(O5 * VLOOKUP(N5, settings!$A$2:$F$500, 4, FALSE), 0) -> 0 | S5: 2 | V5: =IFERROR(U5 * VLOOKUP(T5, settings!$A$2:$F$500, 4, FALSE), 0) -> 0 | Y5: 2 | AB5: =IFERROR(AA5 * VLOOKUP(Z5, settings!$A$2:$F$500, 4, FALSE), 0) -> 0 | AE5: 2 | AH5: =IFERROR(AG5 * VLOOKUP(AF5, settings!$A$2:$F$500, 4, FALSE), 0) -> 0 | AK5: 2 | AN5: =IFERROR(AM5 * VLOOKUP(AL5, settings!$A$2:$F$500, 4, FALSE), 0) -> 0 | AQ5: 2 | AT5: =IFERROR(AS5 * VLOOKUP(AR5, settings!$A$2:$F$500, 4, FALSE), 0) -> 0 | AW5: 2 | AZ5: =IFERROR(AY5 * VLOOKUP(AX5, settings!$A$2:$F$500, 4, FALSE), 0) -> 0 | BC5: 2 | BF5: =IFERROR(BE5 * VLOOKUP(BD5, settings!$A$2:$F$500, 4, FALSE), 0) -> 0 | BI5: 2 | BL5: =IFERROR(BK5 * VLOOKUP(BJ5, settings!$A$2:$F$500, 4, FALSE), 0) -> 0
A6: 3 | D6: =IFERROR(C6 * VLOOKUP(B6, settings!$A$2:$F$500, 4, FALSE), 0) -> 0 | G6: 3 | J6: =IFERROR(I6 * VLOOKUP(H6, settings!$A$2:$F$500, 4, FALSE), 0) -> 0 | M6: 3 | P6: =IFERROR(O6 * VLOOKUP(N6, settings!$A$2:$F$500, 4, FALSE), 0) -> 0 | S6: 3 | V6: =IFERROR(U6 * VLOOKUP(T6, settings!$A$2:$F$500, 4, FALSE), 0) -> 0 | Y6: 3 | AB6: =IFERROR(AA6 * VLOOKUP(Z6, settings!$A$2:$F$500, 4, FALSE), 0) -> 0 | AE6: 3 | AH6: =IFERROR(AG6 * VLOOKUP(AF6, settings!$A$2:$F$500, 4, FALSE), 0) -> 0 | AK6: 3 | AN6: =IFERROR(AM6 * VLOOKUP(AL6, settings!$A$2:$F$500, 4, FALSE), 0) -> 0 | AQ6: 3 | AT6: =IFERROR(AS6 * VLOOKUP(AR6, settings!$A$2:$F$500, 4, FALSE), 0) -> 0 | AW6: 3 | AZ6: =IFERROR(AY6 * VLOOKUP(AX6, settings!$A$2:$F$500, 4, FALSE), 0) -> 0 | BC6: 3 | BF6: =IFERROR(BE6 * VLOOKUP(BD6, settings!$A$2:$F$500, 4, FALSE), 0) -> 0 | BI6: 3 | BL6: =IFERROR(BK6 * VLOOKUP(BJ6, settings!$A$2:$F$500, 4, FALSE), 0) -> 0
A7: 4 | D7: =IFERROR(C7 * VLOOKUP(B7, settings!$A$2:$F$500, 4, FALSE), 0) -> 0 | G7: 4 | J7: =IFERROR(I7 * VLOOKUP(H7, settings!$A$2:$F$500, 4, FALSE), 0) -> 0 | M7: 4 | P7: =IFERROR(O7 * VLOOKUP(N7, settings!$A$2:$F$500, 4, FALSE), 0) -> 0 | S7: 4 | V7: =IFERROR(U7 * VLOOKUP(T7, settings!$A$2:$F$500, 4, FALSE), 0) -> 0 | Y7: 4 | AB7: =IFERROR(AA7 * VLOOKUP(Z7, settings!$A$2:$F$500, 4, FALSE), 0) -> 0 | AE7: 4 | AH7: =IFERROR(AG7 * VLOOKUP(AF7, settings!$A$2:$F$500, 4, FALSE), 0) -> 0 | AK7: 4 | AN7: =IFERROR(AM7 * VLOOKUP(AL7, settings!$A$2:$F$500, 4, FALSE), 0) -> 0 | AQ7: 4 | AT7: =IFERROR(AS7 * VLOOKUP(AR7, settings!$A$2:$F$500, 4, FALSE), 0) -> 0 | AW7: 4 | AZ7: =IFERROR(AY7 * VLOOKUP(AX7, settings!$A$2:$F$500, 4, FALSE), 0) -> 0 | BC7: 4 | BF7: =IFERROR(BE7 * VLOOKUP(BD7, settings!$A$2:$F$500, 4, FALSE), 0) -> 0 | BI7: 4 | BL7: =IFERROR(BK7 * VLOOKUP(BJ7, settings!$A$2:$F$500, 4, FALSE), 0) -> 0
A8: 5 | D8: =IFERROR(C8 * VLOOKUP(B8, settings!$A$2:$F$500, 4, FALSE), 0) -> 0 | G8: 5 | J8: =IFERROR(I8 * VLOOKUP(H8, settings!$A$2:$F$500, 4, FALSE), 0) -> 0 | M8: 5 | P8: =IFERROR(O8 * VLOOKUP(N8, settings!$A$2:$F$500, 4, FALSE), 0) -> 0 | S8: 5 | V8: =IFERROR(U8 * VLOOKUP(T8, settings!$A$2:$F$500, 4, FALSE), 0) -> 0 | Y8: 5 | AB8: =IFERROR(AA8 * VLOOKUP(Z8, settings!$A$2:$F$500, 4, FALSE), 0) -> 0 | AE8: 5 | AH8: =IFERROR(AG8 * VLOOKUP(AF8, settings!$A$2:$F$500, 4, FALSE), 0) -> 0 | AK8: 5 | AN8: =IFERROR(AM8 * VLOOKUP(AL8, settings!$A$2:$F$500, 4, FALSE), 0) -> 0 | AQ8: 5 | AT8: =IFERROR(AS8 * VLOOKUP(AR8, settings!$A$2:$F$500, 4, FALSE), 0) -> 0 | AW8: 5 | AZ8: =IFERROR(AY8 * VLOOKUP(AX8, settings!$A$2:$F$500, 4, FALSE), 0) -> 0 | BC8: 5 | BF8: =IFERROR(BE8 * VLOOKUP(BD8, settings!$A$2:$F$500, 4, FALSE), 0) -> 0 | BI8: 5 | BL8: =IFERROR(BK8 * VLOOKUP(BJ8, settings!$A$2:$F$500, 4, FALSE), 0) -> 0
A9: 6 | D9: =IFERROR(C9 * VLOOKUP(B9, settings!$A$2:$F$500, 4, FALSE), 0) -> 0 | G9: 6 | J9: =IFERROR(I9 * VLOOKUP(H9, settings!$A$2:$F$500, 4, FALSE), 0) -> 0 | M9: 6 | P9: =IFERROR(O9 * VLOOKUP(N9, settings!$A$2:$F$500, 4, FALSE), 0) -> 0 | S9: 6 | V9: =IFERROR(U9 * VLOOKUP(T9, settings!$A$2:$F$500, 4, FALSE), 0) -> 0 | Y9: 6 | AB9: =IFERROR(AA9 * VLOOKUP(Z9, settings!$A$2:$F$500, 4, FALSE), 0) -> 0 | AE9: 6 | AH9: =IFERROR(AG9 * VLOOKUP(AF9, settings!$A$2:$F$500, 4, FALSE), 0) -> 0 | AK9: 6 | AN9: =IFERROR(AM9 * VLOOKUP(AL9, settings!$A$2:$F$500, 4, FALSE), 0) -> 0 | AQ9: 6 | AT9: =IFERROR(AS9 * VLOOKUP(AR9, settings!$A$2:$F$500, 4, FALSE), 0) -> 0 | AW9: 6 | AZ9: =IFERROR(AY9 * VLOOKUP(AX9, settings!$A$2:$F$500, 4, FALSE), 0) -> 0 | BC9: 6 | BF9: =IFERROR(BE9 * VLOOKUP(BD9, settings!$A$2:$F$500, 4, FALSE), 0) -> 0 | BI9: 6 | BL9: =IFERROR(BK9 * VLOOKUP(BJ9, settings!$A$2:$F$500, 4, FALSE), 0) -> 0
A10: 7 | D10: =IFERROR(C10 * VLOOKUP(B10, settings!$A$2:$F$500, 4, FALSE), 0) -> 0 | G10: 7 | J10: =IFERROR(I10 * VLOOKUP(H10, settings!$A$2:$F$500, 4, FALSE), 0) -> 0 | M10: 7 | P10: =IFERROR(O10 * VLOOKUP(N10, settings!$A$2:$F$500, 4, FALSE), 0) -> 0 | S10: 7 | V10: =IFERROR(U10 * VLOOKUP(T10, settings!$A$2:$F$500, 4, FALSE), 0) -> 0 | Y10: 7 | AB10: =IFERROR(AA10 * VLOOKUP(Z10, settings!$A$2:$F$500, 4, FALSE), 0) -> 0 | AE10: 7 | AH10: =IFERROR(AG10 * VLOOKUP(AF10, settings!$A$2:$F$500, 4, FALSE), 0) -> 0 | AK10: 7 | AN10: =IFERROR(AM10 * VLOOKUP(AL10, settings!$A$2:$F$500, 4, FALSE), 0) -> 0 | AQ10: 7 | AT10: =IFERROR(AS10 * VLOOKUP(AR10, settings!$A$2:$F$500, 4, FALSE), 0) -> 0 | AW10: 7 | AZ10: =IFERROR(AY10 * VLOOKUP(AX10, settings!$A$2:$F$500, 4, FALSE), 0) -> 0 | BC10: 7 | BF10: =IFERROR(BE10 * VLOOKUP(BD10, settings!$A$2:$F$500, 4, FALSE), 0) -> 0 | BI10: 7 | BL10: =IFERROR(BK10 * VLOOKUP(BJ10, settings!$A$2:$F$500, 4, FALSE), 0) -> 0
A11: 8 | D11: =IFERROR(C11 * VLOOKUP(B11, settings!$A$2:$F$500, 4, FALSE), 0) -> 0 | G11: 8 | J11: =IFERROR(I11 * VLOOKUP(H11, settings!$A$2:$F$500, 4, FALSE), 0) -> 0 | M11: 8 | P11: =IFERROR(O11 * VLOOKUP(N11, settings!$A$2:$F$500, 4, FALSE), 0) -> 0 | S11: 8 | V11: =IFERROR(U11 * VLOOKUP(T11, settings!$A$2:$F$500, 4, FALSE), 0) -> 0 | Y11: 8 | AB11: =IFERROR(AA11 * VLOOKUP(Z11, settings!$A$2:$F$500, 4, FALSE), 0) -> 0 | AE11: 8 | AH11: =IFERROR(AG11 * VLOOKUP(AF11, settings!$A$2:$F$500, 4, FALSE), 0) -> 0 | AK11: 8 | AN11: =IFERROR(AM11 * VLOOKUP(AL11, settings!$A$2:$F$500, 4, FALSE), 0) -> 0 | AQ11: 8 | AT11: =IFERROR(AS11 * VLOOKUP(AR11, settings!$A$2:$F$500, 4, FALSE), 0) -> 0 | AW11: 8 | AZ11: =IFERROR(AY11 * VLOOKUP(AX11, settings!$A$2:$F$500, 4, FALSE), 0) -> 0 | BC11: 8 | BF11: =IFERROR(BE11 * VLOOKUP(BD11, settings!$A$2:$F$500, 4, FALSE), 0) -> 0 | BI11: 8 | BL11: =IFERROR(BK11 * VLOOKUP(BJ11, settings!$A$2:$F$500, 4, FALSE), 0) -> 0
A12: 9 | D12: =IFERROR(C12 * VLOOKUP(B12, settings!$A$2:$F$500, 4, FALSE), 0) -> 0 | G12: 9 | J12: =IFERROR(I12 * VLOOKUP(H12, settings!$A$2:$F$500, 4, FALSE), 0) -> 0 | M12: 9 | P12: =IFERROR(O12 * VLOOKUP(N12, settings!$A$2:$F$500, 4, FALSE), 0) -> 0 | S12: 9 | V12: =IFERROR(U12 * VLOOKUP(T12, settings!$A$2:$F$500, 4, FALSE), 0) -> 0 | Y12: 9 | AB12: =IFERROR(AA12 * VLOOKUP(Z12, settings!$A$2:$F$500, 4, FALSE), 0) -> 0 | AE12: 9 | AH12: =IFERROR(AG12 * VLOOKUP(AF12, settings!$A$2:$F$500, 4, FALSE), 0) -> 0 | AK12: 9 | AN12: =IFERROR(AM12 * VLOOKUP(AL12, settings!$A$2:$F$500, 4, FALSE), 0) -> 0 | AQ12: 9 | AT12: =IFERROR(AS12 * VLOOKUP(AR12, settings!$A$2:$F$500, 4, FALSE), 0) -> 0 | AW12: 9 | AZ12: =IFERROR(AY12 * VLOOKUP(AX12, settings!$A$2:$F$500, 4, FALSE), 0) -> 0 | BC12: 9 | BF12: =IFERROR(BE12 * VLOOKUP(BD12, settings!$A$2:$F$500, 4, FALSE), 0) -> 0 | BI12: 9 | BL12: =IFERROR(BK12 * VLOOKUP(BJ12, settings!$A$2:$F$500, 4, FALSE), 0) -> 0
A13: 10 | D13: =IFERROR(C13 * VLOOKUP(B13, settings!$A$2:$F$500, 4, FALSE), 0) -> 0 | G13: 10 | J13: =IFERROR(I13 * VLOOKUP(H13, settings!$A$2:$F$500, 4, FALSE), 0) -> 0 | M13: 10 | P13: =IFERROR(O13 * VLOOKUP(N13, settings!$A$2:$F$500, 4, FALSE), 0) -> 0 | S13: 10 | V13: =IFERROR(U13 * VLOOKUP(T13, settings!$A$2:$F$500, 4, FALSE), 0) -> 0 | Y13: 10 | AB13: =IFERROR(AA13 * VLOOKUP(Z13, settings!$A$2:$F$500, 4, FALSE), 0) -> 0 | AE13: 10 | AH13: =IFERROR(AG13 * VLOOKUP(AF13, settings!$A$2:$F$500, 4, FALSE), 0) -> 0 | AK13: 10 | AN13: =IFERROR(AM13 * VLOOKUP(AL13, settings!$A$2:$F$500, 4, FALSE), 0) -> 0 | AQ13: 10 | AT13: =IFERROR(AS13 * VLOOKUP(AR13, settings!$A$2:$F$500, 4, FALSE), 0) -> 0 | AW13: 10 | AZ13: =IFERROR(AY13 * VLOOKUP(AX13, settings!$A$2:$F$500, 4, FALSE), 0) -> 0 | BC13: 10 | BF13: =IFERROR(BE13 * VLOOKUP(BD13, settings!$A$2:$F$500, 4, FALSE), 0) -> 0 | BI13: 10 | BL13: =IFERROR(BK13 * VLOOKUP(BJ13, settings!$A$2:$F$500, 4, FALSE), 0) -> 0
A14: 11 | D14: =IFERROR(C14 * VLOOKUP(B14, settings!$A$2:$F$500, 4, FALSE), 0) -> 0 | G14: 11 | J14: =IFERROR(I14 * VLOOKUP(H14, settings!$A$2:$F$500, 4, FALSE), 0) -> 0 | M14: 11 | P14: =IFERROR(O14 * VLOOKUP(N14, settings!$A$2:$F$500, 4, FALSE), 0) -> 0 | S14: 11 | V14: =IFERROR(U14 * VLOOKUP(T14, settings!$A$2:$F$500, 4, FALSE), 0) -> 0 | Y14: 11 | AB14: =IFERROR(AA14 * VLOOKUP(Z14, settings!$A$2:$F$500, 4, FALSE), 0) -> 0 | AE14: 11 | AH14: =IFERROR(AG14 * VLOOKUP(AF14, settings!$A$2:$F$500, 4, FALSE), 0) -> 0 | AK14: 11 | AN14: =IFERROR(AM14 * VLOOKUP(AL14, settings!$A$2:$F$500, 4, FALSE), 0) -> 0 | AQ14: 11 | AT14: =IFERROR(AS14 * VLOOKUP(AR14, settings!$A$2:$F$500, 4, FALSE), 0) -> 0 | AW14: 11 | AZ14: =IFERROR(AY14 * VLOOKUP(AX14, settings!$A$2:$F$500, 4, FALSE), 0) -> 0 | BC14: 11 | BF14: =IFERROR(BE14 * VLOOKUP(BD14, settings!$A$2:$F$500, 4, FALSE), 0) -> 0 | BI14: 11 | BL14: =IFERROR(BK14 * VLOOKUP(BJ14, settings!$A$2:$F$500, 4, FALSE), 0) -> 0
A15: 12 | D15: =IFERROR(C15 * VLOOKUP(B15, settings!$A$2:$F$500, 4, FALSE), 0) -> 0 | G15: 12 | J15: =IFERROR(I15 * VLOOKUP(H15, settings!$A$2:$F$500, 4, FALSE), 0) -> 0 | M15: 12 | P15: =IFERROR(O15 * VLOOKUP(N15, settings!$A$2:$F$500, 4, FALSE), 0) -> 0 | S15: 12 | V15: =IFERROR(U15 * VLOOKUP(T15, settings!$A$2:$F$500, 4, FALSE), 0) -> 0 | Y15: 12 | AB15: =IFERROR(AA15 * VLOOKUP(Z15, settings!$A$2:$F$500, 4, FALSE), 0) -> 0 | AE15: 12 | AH15: =IFERROR(AG15 * VLOOKUP(AF15, settings!$A$2:$F$500, 4, FALSE), 0) -> 0 | AK15: 12 | AN15: =IFERROR(AM15 * VLOOKUP(AL15, settings!$A$2:$F$500, 4, FALSE), 0) -> 0 | AQ15: 12 | AT15: =IFERROR(AS15 * VLOOKUP(AR15, settings!$A$2:$F$500, 4, FALSE), 0) -> 0 | AW15: 12 | AZ15: =IFERROR(AY15 * VLOOKUP(AX15, settings!$A$2:$F$500, 4, FALSE), 0) -> 0 | BC15: 12 | BF15: =IFERROR(BE15 * VLOOKUP(BD15, settings!$A$2:$F$500, 4, FALSE), 0) -> 0 | BI15: 12 | BL15: =IFERROR(BK15 * VLOOKUP(BJ15, settings!$A$2:$F$500, 4, FALSE), 0) -> 0
... A18: 15 | D18: =IFERROR(C18 * VLOOKUP(B18, settings!$A$2:$F$500, 4, FALSE), 0) -> 0 | G18: 15 | J18: =IFERROR(I18 * VLOOKUP(H18, settings!$A$2:$F$500, 4, FALSE), 0) -> 0 | M18: 15 | P18: =IFERROR(O18 * VLOOKUP(N18, settings!$A$2:$F$500, 4, FALSE), 0) -> 0 | S18: 15 | V18: =IFERROR(U18 * VLOOKUP(T18, settings!$A$2:$F$500, 4, FALSE), 0) -> 0 | Y18: 15 | AB18: =IFERROR(AA18 * VLOOKUP(Z18, settings!$A$2:$F$500, 4, FALSE), 0) -> 0 | AE18: 15 | AH18: =IFERROR(AG18 * VLOOKUP(AF18, settings!$A$2:$F$500, 4, FALSE), 0) -> 0 | AK18: 15 | AN18: =IFERROR(AM18 * VLOOKUP(AL18, settings!$A$2:$F$500, 4, FALSE), 0) -> 0 | AQ18: 15 | AT18: =IFERROR(AS18 * VLOOKUP(AR18, settings!$A$2:$F$500, 4, FALSE), 0) -> 0 | AW18: 15 | AZ18: =IFERROR(AY18 * VLOOKUP(AX18, settings!$A$2:$F$500, 4, FALSE), 0) -> 0 | BC18: 15 | BF18: =IFERROR(BE18 * VLOOKUP(BD18, settings!$A$2:$F$500, 4, FALSE), 0) -> 0 | BI18: 15 | BL18: =IFERROR(BK18 * VLOOKUP(BJ18, settings!$A$2:$F$500, 4, FALSE), 0) -> 0
D19: depreciation(%) | J19: depreciation(%) | P19: depreciation(%) | V19: depreciation(%) | AB19: depreciation(%) | AH19: depreciation(%) | AN19: depreciation(%) | AT19: depreciation(%) | AZ19: depreciation(%) | BF19: depreciation(%) | BL19: depreciation(%)
D20: Work(%) | J20: Work(%) | P20: Work(%) | V20: Work(%) | AB20: Work(%) | AH20: Work(%) | AN20: Work(%) | AT20: Work(%) | AZ20: Work(%) | BF20: Work(%) | BL20: Work(%)
D21: Work + deprec. | E21: =SUM(D4:D18) * (E19 + E20) -> 0 | J21: Work + deprec. | K21: =SUM(J4:J18) * (K19 + K20) -> 0 | P21: Work + deprec. | Q21: =SUM(P4:P18) * (Q19 + Q20) -> 0 | V21: Work + deprec. | W21: =SUM(V4:V18) * (W19 + W20) -> 0 | AB21: Work + deprec. | AC21: =SUM(AB4:AB18) * (AC19 + AC20) -> 0 | AH21: Work + deprec. | AI21: =SUM(AH4:AH18) * (AI19 + AI20) -> 0 | AN21: Work + deprec. | AO21: =SUM(AN4:AN18) * (AO19 + AO20) -> 0 | AT21: Work + deprec. | AU21: =SUM(AT4:AT18) * (AU19 + AU20) -> 0 | AZ21: Work + deprec. | BA21: =SUM(AZ4:AZ18) * (BA19 + BA20) -> 0 | BF21: Work + deprec. | BG21: =SUM(BF4:BF18) * (BG19 + BG20) -> 0 | BL21: Work + deprec. | BM21: =SUM(BL4:BL18) * (BM19 + BM20) -> 0
D22: Total Price | E22: =SUM(D4:D18) + E21 -> 0 | J22: Total Price | K22: =SUM(J4:J18) + K21 -> 0 | P22: Total Price | Q22: =SUM(P4:P18) + Q21 -> 0 | V22: Total Price | W22: =SUM(V4:V18) + W21 -> 0 | AB22: Total Price | AC22: =SUM(AB4:AB18) + AC21 -> 0 | AH22: Total Price | AI22: =SUM(AH4:AH18) + AI21 -> 0 | AN22: Total Price | AO22: =SUM(AN4:AN18) + AO21 -> 0 | AT22: Total Price | AU22: =SUM(AT4:AT18) + AU21 -> 0 | AZ22: Total Price | BA22: =SUM(AZ4:AZ18) + BA21 -> 0 | BF22: Total Price | BG22: =SUM(BF4:BF18) + BG21 -> 0 | BL22: Total Price | BM22: =SUM(BL4:BL18) + BM21 -> 0
D23: Price per 1 | E23: =IF(E1 > 0, E22 / E1, 0) -> 0 | J23: Price per 1 | K23: =IF(K1 > 0, K22 / K1, 0) -> 0 | P23: Price per 1 | Q23: =IF(Q1 > 0, Q22 / Q1, 0) -> 0 | V23: Price per 1 | W23: =IF(W1 > 0, W22 / W1, 0) -> 0 | AB23: Price per 1 | AC23: =IF(AC1 > 0, AC22 / AC1, 0) -> 0 | AH23: Price per 1 | AI23: =IF(AI1 > 0, AI22 / AI1, 0) -> 0 | AN23: Price per 1 | AO23: =IF(AO1 > 0, AO22 / AO1, 0) -> 0 | AT23: Price per 1 | AU23: =IF(AU1 > 0, AU22 / AU1, 0) -> 0 | AZ23: Price per 1 | BA23: =IF(BA1 > 0, BA22 / BA1, 0) -> 0 | BF23: Price per 1 | BG23: =IF(BG1 > 0, BG22 / BG1, 0) -> 0 | BL23: Price per 1 | BM23: =IF(BM1 > 0, BM22 / BM1, 0) -> 0
A25: Product name | D25: portion | G25: Product name | J25: portion | M25: Product name | P25: portion | S25: Product name | V25: portion | Y25: Product name | AB25: portion | AE25: Product name | AH25: portion | AK25: Product name | AN25: portion | AQ25: Product name | AT25: portion | AW25: Product name | AZ25: portion | BC25: Product name | BF25: portion | BI25: Product name | BL25: portion
A27: # | B27: Grocery | C27: Quantity | D27: price | G27: # | H27: Grocery | I27: Quantity | J27: price | M27: # | N27: Grocery | O27: Quantity | P27: price | S27: # | T27: Grocery | U27: Quantity | V27: price | Y27: # | Z27: Grocery | AA27: Quantity | AB27: price | AE27: # | AF27: Grocery | AG27: Quantity | AH27: price | AK27: # | AL27: Grocery | AM27: Quantity | AN27: price | AQ27: # | AR27: Grocery | AS27: Quantity | AT27: price | AW27: # | AX27: Grocery | AY27: Quantity | AZ27: price | BC27: # | BD27: Grocery | BE27: Quantity | BF27: price | BI27: # | BJ27: Grocery | BK27: Quantity | BL27: price
A28: 1 | D28: =IFERROR(C28 * VLOOKUP(B28, settings!$A$2:$F$500, 4, FALSE), 0) -> 0 | G28: 1 | J28: =IFERROR(I28 * VLOOKUP(H28, settings!$A$2:$F$500, 4, FALSE), 0) -> 0 | M28: 1 | P28: =IFERROR(O28 * VLOOKUP(N28, settings!$A$2:$F$500, 4, FALSE), 0) -> 0 | S28: 1 | V28: =IFERROR(U28 * VLOOKUP(T28, settings!$A$2:$F$500, 4, FALSE), 0) -> 0 | Y28: 1 | AB28: =IFERROR(AA28 * VLOOKUP(Z28, settings!$A$2:$F$500, 4, FALSE), 0) -> 0 | AE28: 1 | AH28: =IFERROR(AG28 * VLOOKUP(AF28, settings!$A$2:$F$500, 4, FALSE), 0) -> 0 | AK28: 1 | AN28: =IFERROR(AM28 * VLOOKUP(AL28, settings!$A$2:$F$500, 4, FALSE), 0) -> 0 | AQ28: 1 | AT28: =IFERROR(AS28 * VLOOKUP(AR28, settings!$A$2:$F$500, 4, FALSE), 0) -> 0 | AW28: 1 | AZ28: =IFERROR(AY28 * VLOOKUP(AX28, settings!$A$2:$F$500, 4, FALSE), 0) -> 0 | BC28: 1 | BF28: =IFERROR(BE28 * VLOOKUP(BD28, settings!$A$2:$F$500, 4, FALSE), 0) -> 0 | BI28: 1 | BL28: =IFERROR(BK28 * VLOOKUP(BJ28, settings!$A$2:$F$500, 4, FALSE), 0) -> 0
A29: 2 | D29: =IFERROR(C29 * VLOOKUP(B29, settings!$A$2:$F$500, 4, FALSE), 0) -> 0 | G29: 2 | J29: =IFERROR(I29 * VLOOKUP(H29, settings!$A$2:$F$500, 4, FALSE), 0) -> 0 | M29: 2 | P29: =IFERROR(O29 * VLOOKUP(N29, settings!$A$2:$F$500, 4, FALSE), 0) -> 0 | S29: 2 | V29: =IFERROR(U29 * VLOOKUP(T29, settings!$A$2:$F$500, 4, FALSE), 0) -> 0 | Y29: 2 | AB29: =IFERROR(AA29 * VLOOKUP(Z29, settings!$A$2:$F$500, 4, FALSE), 0) -> 0 | AE29: 2 | AH29: =IFERROR(AG29 * VLOOKUP(AF29, settings!$A$2:$F$500, 4, FALSE), 0) -> 0 | AK29: 2 | AN29: =IFERROR(AM29 * VLOOKUP(AL29, settings!$A$2:$F$500, 4, FALSE), 0) -> 0 | AQ29: 2 | AT29: =IFERROR(AS29 * VLOOKUP(AR29, settings!$A$2:$F$500, 4, FALSE), 0) -> 0 | AW29: 2 | AZ29: =IFERROR(AY29 * VLOOKUP(AX29, settings!$A$2:$F$500, 4, FALSE), 0) -> 0 | BC29: 2 | BF29: =IFERROR(BE29 * VLOOKUP(BD29, settings!$A$2:$F$500, 4, FALSE), 0) -> 0 | BI29: 2 | BL29: =IFERROR(BK29 * VLOOKUP(BJ29, settings!$A$2:$F$500, 4, FALSE), 0) -> 0
A30: 3 | D30: =IFERROR(C30 * VLOOKUP(B30, settings!$A$2:$F$500, 4, FALSE), 0) -> 0 | G30: 3 | J30: =IFERROR(I30 * VLOOKUP(H30, settings!$A$2:$F$500, 4, FALSE), 0) -> 0 | M30: 3 | P30: =IFERROR(O30 * VLOOKUP(N30, settings!$A$2:$F$500, 4, FALSE), 0) -> 0 | S30: 3 | V30: =IFERROR(U30 * VLOOKUP(T30, settings!$A$2:$F$500, 4, FALSE), 0) -> 0 | Y30: 3 | AB30: =IFERROR(AA30 * VLOOKUP(Z30, settings!$A$2:$F$500, 4, FALSE), 0) -> 0 | AE30: 3 | AH30: =IFERROR(AG30 * VLOOKUP(AF30, settings!$A$2:$F$500, 4, FALSE), 0) -> 0 | AK30: 3 | AN30: =IFERROR(AM30 * VLOOKUP(AL30, settings!$A$2:$F$500, 4, FALSE), 0) -> 0 | AQ30: 3 | AT30: =IFERROR(AS30 * VLOOKUP(AR30, settings!$A$2:$F$500, 4, FALSE), 0) -> 0 | AW30: 3 | AZ30: =IFERROR(AY30 * VLOOKUP(AX30, settings!$A$2:$F$500, 4, FALSE), 0) -> 0 | BC30: 3 | BF30: =IFERROR(BE30 * VLOOKUP(BD30, settings!$A$2:$F$500, 4, FALSE), 0) -> 0 | BI30: 3 | BL30: =IFERROR(BK30 * VLOOKUP(BJ30, settings!$A$2:$F$500, 4, FALSE), 0) -> 0
A31: 4 | D31: =IFERROR(C31 * VLOOKUP(B31, settings!$A$2:$F$500, 4, FALSE), 0) -> 0 | G31: 4 | J31: =IFERROR(I31 * VLOOKUP(H31, settings!$A$2:$F$500, 4, FALSE), 0) -> 0 | M31: 4 | P31: =IFERROR(O31 * VLOOKUP(N31, settings!$A$2:$F$500, 4, FALSE), 0) -> 0 | S31: 4 | V31: =IFERROR(U31 * VLOOKUP(T31, settings!$A$2:$F$500, 4, FALSE), 0) -> 0 | Y31: 4 | AB31: =IFERROR(AA31 * VLOOKUP(Z31, settings!$A$2:$F$500, 4, FALSE), 0) -> 0 | AE31: 4 | AH31: =IFERROR(AG31 * VLOOKUP(AF31, settings!$A$2:$F$500, 4, FALSE), 0) -> 0 | AK31: 4 | AN31: =IFERROR(AM31 * VLOOKUP(AL31, settings!$A$2:$F$500, 4, FALSE), 0) -> 0 | AQ31: 4 | AT31: =IFERROR(AS31 * VLOOKUP(AR31, settings!$A$2:$F$500, 4, FALSE), 0) -> 0 | AW31: 4 | AZ31: =IFERROR(AY31 * VLOOKUP(AX31, settings!$A$2:$F$500, 4, FALSE), 0) -> 0 | BC31: 4 | BF31: =IFERROR(BE31 * VLOOKUP(BD31, settings!$A$2:$F$500, 4, FALSE), 0) -> 0 | BI31: 4 | BL31: =IFERROR(BK31 * VLOOKUP(BJ31, settings!$A$2:$F$500, 4, FALSE), 0) -> 0
A32: 5 | D32: =IFERROR(C32 * VLOOKUP(B32, settings!$A$2:$F$500, 4, FALSE), 0) -> 0 | G32: 5 | J32: =IFERROR(I32 * VLOOKUP(H32, settings!$A$2:$F$500, 4, FALSE), 0) -> 0 | M32: 5 | P32: =IFERROR(O32 * VLOOKUP(N32, settings!$A$2:$F$500, 4, FALSE), 0) -> 0 | S32: 5 | V32: =IFERROR(U32 * VLOOKUP(T32, settings!$A$2:$F$500, 4, FALSE), 0) -> 0 | Y32: 5 | AB32: =IFERROR(AA32 * VLOOKUP(Z32, settings!$A$2:$F$500, 4, FALSE), 0) -> 0 | AE32: 5 | AH32: =IFERROR(AG32 * VLOOKUP(AF32, settings!$A$2:$F$500, 4, FALSE), 0) -> 0 | AK32: 5 | AN32: =IFERROR(AM32 * VLOOKUP(AL32, settings!$A$2:$F$500, 4, FALSE), 0) -> 0 | AQ32: 5 | AT32: =IFERROR(AS32 * VLOOKUP(AR32, settings!$A$2:$F$500, 4, FALSE), 0) -> 0 | AW32: 5 | AZ32: =IFERROR(AY32 * VLOOKUP(AX32, settings!$A$2:$F$500, 4, FALSE), 0) -> 0 | BC32: 5 | BF32: =IFERROR(BE32 * VLOOKUP(BD32, settings!$A$2:$F$500, 4, FALSE), 0) -> 0 | BI32: 5 | BL32: =IFERROR(BK32 * VLOOKUP(BJ32, settings!$A$2:$F$500, 4, FALSE), 0) -> 0
A33: 6 | D33: =IFERROR(C33 * VLOOKUP(B33, settings!$A$2:$F$500, 4, FALSE), 0) -> 0 | G33: 6 | J33: =IFERROR(I33 * VLOOKUP(H33, settings!$A$2:$F$500, 4, FALSE), 0) -> 0 | M33: 6 | P33: =IFERROR(O33 * VLOOKUP(N33, settings!$A$2:$F$500, 4, FALSE), 0) -> 0 | S33: 6 | V33: =IFERROR(U33 * VLOOKUP(T33, settings!$A$2:$F$500, 4, FALSE), 0) -> 0 | Y33: 6 | AB33: =IFERROR(AA33 * VLOOKUP(Z33, settings!$A$2:$F$500, 4, FALSE), 0) -> 0 | AE33: 6 | AH33: =IFERROR(AG33 * VLOOKUP(AF33, settings!$A$2:$F$500, 4, FALSE), 0) -> 0 | AK33: 6 | AN33: =IFERROR(AM33 * VLOOKUP(AL33, settings!$A$2:$F$500, 4, FALSE), 0) -> 0 | AQ33: 6 | AT33: =IFERROR(AS33 * VLOOKUP(AR33, settings!$A$2:$F$500, 4, FALSE), 0) -> 0 | AW33: 6 | AZ33: =IFERROR(AY33 * VLOOKUP(AX33, settings!$A$2:$F$500, 4, FALSE), 0) -> 0 | BC33: 6 | BF33: =IFERROR(BE33 * VLOOKUP(BD33, settings!$A$2:$F$500, 4, FALSE), 0) -> 0 | BI33: 6 | BL33: =IFERROR(BK33 * VLOOKUP(BJ33, settings!$A$2:$F$500, 4, FALSE), 0) -> 0
A34: 7 | D34: =IFERROR(C34 * VLOOKUP(B34, settings!$A$2:$F$500, 4, FALSE), 0) -> 0 | G34: 7 | J34: =IFERROR(I34 * VLOOKUP(H34, settings!$A$2:$F$500, 4, FALSE), 0) -> 0 | M34: 7 | P34: =IFERROR(O34 * VLOOKUP(N34, settings!$A$2:$F$500, 4, FALSE), 0) -> 0 | S34: 7 | V34: =IFERROR(U34 * VLOOKUP(T34, settings!$A$2:$F$500, 4, FALSE), 0) -> 0 | Y34: 7 | AB34: =IFERROR(AA34 * VLOOKUP(Z34, settings!$A$2:$F$500, 4, FALSE), 0) -> 0 | AE34: 7 | AH34: =IFERROR(AG34 * VLOOKUP(AF34, settings!$A$2:$F$500, 4, FALSE), 0) -> 0 | AK34: 7 | AN34: =IFERROR(AM34 * VLOOKUP(AL34, settings!$A$2:$F$500, 4, FALSE), 0) -> 0 | AQ34: 7 | AT34: =IFERROR(AS34 * VLOOKUP(AR34, settings!$A$2:$F$500, 4, FALSE), 0) -> 0 | AW34: 7 | AZ34: =IFERROR(AY34 * VLOOKUP(AX34, settings!$A$2:$F$500, 4, FALSE), 0) -> 0 | BC34: 7 | BF34: =IFERROR(BE34 * VLOOKUP(BD34, settings!$A$2:$F$500, 4, FALSE), 0) -> 0 | BI34: 7 | BL34: =IFERROR(BK34 * VLOOKUP(BJ34, settings!$A$2:$F$500, 4, FALSE), 0) -> 0
A35: 8 | D35: =IFERROR(C35 * VLOOKUP(B35, settings!$A$2:$F$500, 4, FALSE), 0) -> 0 | G35: 8 | J35: =IFERROR(I35 * VLOOKUP(H35, settings!$A$2:$F$500, 4, FALSE), 0) -> 0 | M35: 8 | P35: =IFERROR(O35 * VLOOKUP(N35, settings!$A$2:$F$500, 4, FALSE), 0) -> 0 | S35: 8 | V35: =IFERROR(U35 * VLOOKUP(T35, settings!$A$2:$F$500, 4, FALSE), 0) -> 0 | Y35: 8 | AB35: =IFERROR(AA35 * VLOOKUP(Z35, settings!$A$2:$F$500, 4, FALSE), 0) -> 0 | AE35: 8 | AH35: =IFERROR(AG35 * VLOOKUP(AF35, settings!$A$2:$F$500, 4, FALSE), 0) -> 0 | AK35: 8 | AN35: =IFERROR(AM35 * VLOOKUP(AL35, settings!$A$2:$F$500, 4, FALSE), 0) -> 0 | AQ35: 8 | AT35: =IFERROR(AS35 * VLOOKUP(AR35, settings!$A$2:$F$500, 4, FALSE), 0) -> 0 | AW35: 8 | AZ35: =IFERROR(AY35 * VLOOKUP(AX35, settings!$A$2:$F$500, 4, FALSE), 0) -> 0 | BC35: 8 | BF35: =IFERROR(BE35 * VLOOKUP(BD35, settings!$A$2:$F$500, 4, FALSE), 0) -> 0 | BI35: 8 | BL35: =IFERROR(BK35 * VLOOKUP(BJ35, settings!$A$2:$F$500, 4, FALSE), 0) -> 0
A36: 9 | D36: =IFERROR(C36 * VLOOKUP(B36, settings!$A$2:$F$500, 4, FALSE), 0) -> 0 | G36: 9 | J36: =IFERROR(I36 * VLOOKUP(H36, settings!$A$2:$F$500, 4, FALSE), 0) -> 0 | M36: 9 | P36: =IFERROR(O36 * VLOOKUP(N36, settings!$A$2:$F$500, 4, FALSE), 0) -> 0 | S36: 9 | V36: =IFERROR(U36 * VLOOKUP(T36, settings!$A$2:$F$500, 4, FALSE), 0) -> 0 | Y36: 9 | AB36: =IFERROR(AA36 * VLOOKUP(Z36, settings!$A$2:$F$500, 4, FALSE), 0) -> 0 | AE36: 9 | AH36: =IFERROR(AG36 * VLOOKUP(AF36, settings!$A$2:$F$500, 4, FALSE), 0) -> 0 | AK36: 9 | AN36: =IFERROR(AM36 * VLOOKUP(AL36, settings!$A$2:$F$500, 4, FALSE), 0) -> 0 | AQ36: 9 | AT36: =IFERROR(AS36 * VLOOKUP(AR36, settings!$A$2:$F$500, 4, FALSE), 0) -> 0 | AW36: 9 | AZ36: =IFERROR(AY36 * VLOOKUP(AX36, settings!$A$2:$F$500, 4, FALSE), 0) -> 0 | BC36: 9 | BF36: =IFERROR(BE36 * VLOOKUP(BD36, settings!$A$2:$F$500, 4, FALSE), 0) -> 0 | BI36: 9 | BL36: =IFERROR(BK36 * VLOOKUP(BJ36, settings!$A$2:$F$500, 4, FALSE), 0) -> 0
A37: 10 | D37: =IFERROR(C37 * VLOOKUP(B37, settings!$A$2:$F$500, 4, FALSE), 0) -> 0 | G37: 10 | J37: =IFERROR(I37 * VLOOKUP(H37, settings!$A$2:$F$500, 4, FALSE), 0) -> 0 | M37: 10 | P37: =IFERROR(O37 * VLOOKUP(N37, settings!$A$2:$F$500, 4, FALSE), 0) -> 0 | S37: 10 | V37: =IFERROR(U37 * VLOOKUP(T37, settings!$A$2:$F$500, 4, FALSE), 0) -> 0 | Y37: 10 | AB37: =IFERROR(AA37 * VLOOKUP(Z37, settings!$A$2:$F$500, 4, FALSE), 0) -> 0 | AE37: 10 | AH37: =IFERROR(AG37 * VLOOKUP(AF37, settings!$A$2:$F$500, 4, FALSE), 0) -> 0 | AK37: 10 | AN37: =IFERROR(AM37 * VLOOKUP(AL37, settings!$A$2:$F$500, 4, FALSE), 0) -> 0 | AQ37: 10 | AT37: =IFERROR(AS37 * VLOOKUP(AR37, settings!$A$2:$F$500, 4, FALSE), 0) -> 0 | AW37: 10 | AZ37: =IFERROR(AY37 * VLOOKUP(AX37, settings!$A$2:$F$500, 4, FALSE), 0) -> 0 | BC37: 10 | BF37: =IFERROR(BE37 * VLOOKUP(BD37, settings!$A$2:$F$500, 4, FALSE), 0) -> 0 | BI37: 10 | BL37: =IFERROR(BK37 * VLOOKUP(BJ37, settings!$A$2:$F$500, 4, FALSE), 0) -> 0
A38: 11 | D38: =IFERROR(C38 * VLOOKUP(B38, settings!$A$2:$F$500, 4, FALSE), 0) -> 0 | G38: 11 | J38: =IFERROR(I38 * VLOOKUP(H38, settings!$A$2:$F$500, 4, FALSE), 0) -> 0 | M38: 11 | P38: =IFERROR(O38 * VLOOKUP(N38, settings!$A$2:$F$500, 4, FALSE), 0) -> 0 | S38: 11 | V38: =IFERROR(U38 * VLOOKUP(T38, settings!$A$2:$F$500, 4, FALSE), 0) -> 0 | Y38: 11 | AB38: =IFERROR(AA38 * VLOOKUP(Z38, settings!$A$2:$F$500, 4, FALSE), 0) -> 0 | AE38: 11 | AH38: =IFERROR(AG38 * VLOOKUP(AF38, settings!$A$2:$F$500, 4, FALSE), 0) -> 0 | AK38: 11 | AN38: =IFERROR(AM38 * VLOOKUP(AL38, settings!$A$2:$F$500, 4, FALSE), 0) -> 0 | AQ38: 11 | AT38: =IFERROR(AS38 * VLOOKUP(AR38, settings!$A$2:$F$500, 4, FALSE), 0) -> 0 | AW38: 11 | AZ38: =IFERROR(AY38 * VLOOKUP(AX38, settings!$A$2:$F$500, 4, FALSE), 0) -> 0 | BC38: 11 | BF38: =IFERROR(BE38 * VLOOKUP(BD38, settings!$A$2:$F$500, 4, FALSE), 0) -> 0 | BI38: 11 | BL38: =IFERROR(BK38 * VLOOKUP(BJ38, settings!$A$2:$F$500, 4, FALSE), 0) -> 0
A39: 12 | D39: =IFERROR(C39 * VLOOKUP(B39, settings!$A$2:$F$500, 4, FALSE), 0) -> 0 | G39: 12 | J39: =IFERROR(I39 * VLOOKUP(H39, settings!$A$2:$F$500, 4, FALSE), 0) -> 0 | M39: 12 | P39: =IFERROR(O39 * VLOOKUP(N39, settings!$A$2:$F$500, 4, FALSE), 0) -> 0 | S39: 12 | V39: =IFERROR(U39 * VLOOKUP(T39, settings!$A$2:$F$500, 4, FALSE), 0) -> 0 | Y39: 12 | AB39: =IFERROR(AA39 * VLOOKUP(Z39, settings!$A$2:$F$500, 4, FALSE), 0) -> 0 | AE39: 12 | AH39: =IFERROR(AG39 * VLOOKUP(AF39, settings!$A$2:$F$500, 4, FALSE), 0) -> 0 | AK39: 12 | AN39: =IFERROR(AM39 * VLOOKUP(AL39, settings!$A$2:$F$500, 4, FALSE), 0) -> 0 | AQ39: 12 | AT39: =IFERROR(AS39 * VLOOKUP(AR39, settings!$A$2:$F$500, 4, FALSE), 0) -> 0 | AW39: 12 | AZ39: =IFERROR(AY39 * VLOOKUP(AX39, settings!$A$2:$F$500, 4, FALSE), 0) -> 0 | BC39: 12 | BF39: =IFERROR(BE39 * VLOOKUP(BD39, settings!$A$2:$F$500, 4, FALSE), 0) -> 0 | BI39: 12 | BL39: =IFERROR(BK39 * VLOOKUP(BJ39, settings!$A$2:$F$500, 4, FALSE), 0) -> 0
... A42: 15 | D42: =IFERROR(C42 * VLOOKUP(B42, settings!$A$2:$F$500, 4, FALSE), 0) -> 0 | G42: 15 | J42: =IFERROR(I42 * VLOOKUP(H42, settings!$A$2:$F$500, 4, FALSE), 0) -> 0 | M42: 15 | P42: =IFERROR(O42 * VLOOKUP(N42, settings!$A$2:$F$500, 4, FALSE), 0) -> 0 | S42: 15 | V42: =IFERROR(U42 * VLOOKUP(T42, settings!$A$2:$F$500, 4, FALSE), 0) -> 0 | Y42: 15 | AB42: =IFERROR(AA42 * VLOOKUP(Z42, settings!$A$2:$F$500, 4, FALSE), 0) -> 0 | AE42: 15 | AH42: =IFERROR(AG42 * VLOOKUP(AF42, settings!$A$2:$F$500, 4, FALSE), 0) -> 0 | AK42: 15 | AN42: =IFERROR(AM42 * VLOOKUP(AL42, settings!$A$2:$F$500, 4, FALSE), 0) -> 0 | AQ42: 15 | AT42: =IFERROR(AS42 * VLOOKUP(AR42, settings!$A$2:$F$500, 4, FALSE), 0) -> 0 | AW42: 15 | AZ42: =IFERROR(AY42 * VLOOKUP(AX42, settings!$A$2:$F$500, 4, FALSE), 0) -> 0 | BC42: 15 | BF42: =IFERROR(BE42 * VLOOKUP(BD42, settings!$A$2:$F$500, 4, FALSE), 0) -> 0 | BI42: 15 | BL42: =IFERROR(BK42 * VLOOKUP(BJ42, settings!$A$2:$F$500, 4, FALSE), 0) -> 0
D43: depreciation(%) | J43: depreciation(%) | P43: depreciation(%) | V43: depreciation(%) | AB43: depreciation(%) | AH43: depreciation(%) | AN43: depreciation(%) | AT43: depreciation(%) | AZ43: depreciation(%) | BF43: depreciation(%) | BL43: depreciation(%)
D44: Work(%) | J44: Work(%) | P44: Work(%) | V44: Work(%) | AB44: Work(%) | AH44: Work(%) | AN44: Work(%) | AT44: Work(%) | AZ44: Work(%) | BF44: Work(%) | BL44: Work(%)
D45: Work + deprec. | E45: =SUM(D28:D42) * (E43 + E44) -> 0 | J45: Work + deprec. | K45: =SUM(J28:J42) * (K43 + K44) -> 0 | P45: Work + deprec. | Q45: =SUM(P28:P42) * (Q43 + Q44) -> 0 | V45: Work + deprec. | W45: =SUM(V28:V42) * (W43 + W44) -> 0 | AB45: Work + deprec. | AC45: =SUM(AB28:AB42) * (AC43 + AC44) -> 0 | AH45: Work + deprec. | AI45: =SUM(AH28:AH42) * (AI43 + AI44) -> 0 | AN45: Work + deprec. | AO45: =SUM(AN28:AN42) * (AO43 + AO44) -> 0 | AT45: Work + deprec. | AU45: =SUM(AT28:AT42) * (AU43 + AU44) -> 0 | AZ45: Work + deprec. | BA45: =SUM(AZ28:AZ42) * (BA43 + BA44) -> 0 | BF45: Work + deprec. | BG45: =SUM(BF28:BF42) * (BG43 + BG44) -> 0 | BL45: Work + deprec. | BM45: =SUM(BL28:BL42) * (BM43 + BM44) -> 0
D46: Total Price | E46: =SUM(D28:D42) + E45 -> 0 | J46: Total Price | K46: =SUM(J28:J42) + K45 -> 0 | P46: Total Price | Q46: =SUM(P28:P42) + Q45 -> 0 | V46: Total Price | W46: =SUM(V28:V42) + W45 -> 0 | AB46: Total Price | AC46: =SUM(AB28:AB42) + AC45 -> 0 | AH46: Total Price | AI46: =SUM(AH28:AH42) + AI45 -> 0 | AN46: Total Price | AO46: =SUM(AN28:AN42) + AO45 -> 0 | AT46: Total Price | AU46: =SUM(AT28:AT42) + AU45 -> 0 | AZ46: Total Price | BA46: =SUM(AZ28:AZ42) + BA45 -> 0 | BF46: Total Price | BG46: =SUM(BF28:BF42) + BG45 -> 0 | BL46: Total Price | BM46: =SUM(BL28:BL42) + BM45 -> 0
D47: Price per 1 | E47: =IF(E25 > 0, E46 / E25, 0) -> 0 | J47: Price per 1 | K47: =IF(K25 > 0, K46 / K25, 0) -> 0 | P47: Price per 1 | Q47: =IF(Q25 > 0, Q46 / Q25, 0) -> 0 | V47: Price per 1 | W47: =IF(W25 > 0, W46 / W25, 0) -> 0 | AB47: Price per 1 | AC47: =IF(AC25 > 0, AC46 / AC25, 0) -> 0 | AH47: Price per 1 | AI47: =IF(AI25 > 0, AI46 / AI25, 0) -> 0 | AN47: Price per 1 | AO47: =IF(AO25 > 0, AO46 / AO25, 0) -> 0 | AT47: Price per 1 | AU47: =IF(AU25 > 0, AU46 / AU25, 0) -> 0 | AZ47: Price per 1 | BA47: =IF(BA25 > 0, BA46 / BA25, 0) -> 0 | BF47: Price per 1 | BG47: =IF(BG25 > 0, BG46 / BG25, 0) -> 0 | BL47: Price per 1 | BM47: =IF(BM25 > 0, BM46 / BM25, 0) -> 0
A49: Product name | D49: portion | G49: Product name | J49: portion | M49: Product name | P49: portion | S49: Product name | V49: portion | Y49: Product name | AB49: portion | AE49: Product name | AH49: portion | AK49: Product name | AN49: portion | AQ49: Product name | AT49: portion | AW49: Product name | AZ49: portion | BC49: Product name | BF49: portion | BI49: Product name | BL49: portion
A51: # | B51: Grocery | C51: Quantity | D51: price | G51: # | H51: Grocery | I51: Quantity | J51: price | M51: # | N51: Grocery | O51: Quantity | P51: price | S51: # | T51: Grocery | U51: Quantity | V51: price | Y51: # | Z51: Grocery | AA51: Quantity | AB51: price | AE51: # | AF51: Grocery | AG51: Quantity | AH51: price | AK51: # | AL51: Grocery | AM51: Quantity | AN51: price | AQ51: # | AR51: Grocery | AS51: Quantity | AT51: price | AW51: # | AX51: Grocery | AY51: Quantity | AZ51: price | BC51: # | BD51: Grocery | BE51: Quantity | BF51: price | BI51: # | BJ51: Grocery | BK51: Quantity | BL51: price
A52: 1 | D52: =IFERROR(C52 * VLOOKUP(B52, settings!$A$2:$F$500, 4, FALSE), 0) -> 0 | G52: 1 | J52: =IFERROR(I52 * VLOOKUP(H52, settings!$A$2:$F$500, 4, FALSE), 0) -> 0 | M52: 1 | P52: =IFERROR(O52 * VLOOKUP(N52, settings!$A$2:$F$500, 4, FALSE), 0) -> 0 | S52: 1 | V52: =IFERROR(U52 * VLOOKUP(T52, settings!$A$2:$F$500, 4, FALSE), 0) -> 0 | Y52: 1 | AB52: =IFERROR(AA52 * VLOOKUP(Z52, settings!$A$2:$F$500, 4, FALSE), 0) -> 0 | AE52: 1 | AH52: =IFERROR(AG52 * VLOOKUP(AF52, settings!$A$2:$F$500, 4, FALSE), 0) -> 0 | AK52: 1 | AN52: =IFERROR(AM52 * VLOOKUP(AL52, settings!$A$2:$F$500, 4, FALSE), 0) -> 0 | AQ52: 1 | AT52: =IFERROR(AS52 * VLOOKUP(AR52, settings!$A$2:$F$500, 4, FALSE), 0) -> 0 | AW52: 1 | AZ52: =IFERROR(AY52 * VLOOKUP(AX52, settings!$A$2:$F$500, 4, FALSE), 0) -> 0 | BC52: 1 | BF52: =IFERROR(BE52 * VLOOKUP(BD52, settings!$A$2:$F$500, 4, FALSE), 0) -> 0 | BI52: 1 | BL52: =IFERROR(BK52 * VLOOKUP(BJ52, settings!$A$2:$F$500, 4, FALSE), 0) -> 0
A53: 2 | D53: =IFERROR(C53 * VLOOKUP(B53, settings!$A$2:$F$500, 4, FALSE), 0) -> 0 | G53: 2 | J53: =IFERROR(I53 * VLOOKUP(H53, settings!$A$2:$F$500, 4, FALSE), 0) -> 0 | M53: 2 | P53: =IFERROR(O53 * VLOOKUP(N53, settings!$A$2:$F$500, 4, FALSE), 0) -> 0 | S53: 2 | V53: =IFERROR(U53 * VLOOKUP(T53, settings!$A$2:$F$500, 4, FALSE), 0) -> 0 | Y53: 2 | AB53: =IFERROR(AA53 * VLOOKUP(Z53, settings!$A$2:$F$500, 4, FALSE), 0) -> 0 | AE53: 2 | AH53: =IFERROR(AG53 * VLOOKUP(AF53, settings!$A$2:$F$500, 4, FALSE), 0) -> 0 | AK53: 2 | AN53: =IFERROR(AM53 * VLOOKUP(AL53, settings!$A$2:$F$500, 4, FALSE), 0) -> 0 | AQ53: 2 | AT53: =IFERROR(AS53 * VLOOKUP(AR53, settings!$A$2:$F$500, 4, FALSE), 0) -> 0 | AW53: 2 | AZ53: =IFERROR(AY53 * VLOOKUP(AX53, settings!$A$2:$F$500, 4, FALSE), 0) -> 0 | BC53: 2 | BF53: =IFERROR(BE53 * VLOOKUP(BD53, settings!$A$2:$F$500, 4, FALSE), 0) -> 0 | BI53: 2 | BL53: =IFERROR(BK53 * VLOOKUP(BJ53, settings!$A$2:$F$500, 4, FALSE), 0) -> 0
A54: 3 | D54: =IFERROR(C54 * VLOOKUP(B54, settings!$A$2:$F$500, 4, FALSE), 0) -> 0 | G54: 3 | J54: =IFERROR(I54 * VLOOKUP(H54, settings!$A$2:$F$500, 4, FALSE), 0) -> 0 | M54: 3 | P54: =IFERROR(O54 * VLOOKUP(N54, settings!$A$2:$F$500, 4, FALSE), 0) -> 0 | S54: 3 | V54: =IFERROR(U54 * VLOOKUP(T54, settings!$A$2:$F$500, 4, FALSE), 0) -> 0 | Y54: 3 | AB54: =IFERROR(AA54 * VLOOKUP(Z54, settings!$A$2:$F$500, 4, FALSE), 0) -> 0 | AE54: 3 | AH54: =IFERROR(AG54 * VLOOKUP(AF54, settings!$A$2:$F$500, 4, FALSE), 0) -> 0 | AK54: 3 | AN54: =IFERROR(AM54 * VLOOKUP(AL54, settings!$A$2:$F$500, 4, FALSE), 0) -> 0 | AQ54: 3 | AT54: =IFERROR(AS54 * VLOOKUP(AR54, settings!$A$2:$F$500, 4, FALSE), 0) -> 0 | AW54: 3 | AZ54: =IFERROR(AY54 * VLOOKUP(AX54, settings!$A$2:$F$500, 4, FALSE), 0) -> 0 | BC54: 3 | BF54: =IFERROR(BE54 * VLOOKUP(BD54, settings!$A$2:$F$500, 4, FALSE), 0) -> 0 | BI54: 3 | BL54: =IFERROR(BK54 * VLOOKUP(BJ54, settings!$A$2:$F$500, 4, FALSE), 0) -> 0
A55: 4 | D55: =IFERROR(C55 * VLOOKUP(B55, settings!$A$2:$F$500, 4, FALSE), 0) -> 0 | G55: 4 | J55: =IFERROR(I55 * VLOOKUP(H55, settings!$A$2:$F$500, 4, FALSE), 0) -> 0 | M55: 4 | P55: =IFERROR(O55 * VLOOKUP(N55, settings!$A$2:$F$500, 4, FALSE), 0) -> 0 | S55: 4 | V55: =IFERROR(U55 * VLOOKUP(T55, settings!$A$2:$F$500, 4, FALSE), 0) -> 0 | Y55: 4 | AB55: =IFERROR(AA55 * VLOOKUP(Z55, settings!$A$2:$F$500, 4, FALSE), 0) -> 0 | AE55: 4 | AH55: =IFERROR(AG55 * VLOOKUP(AF55, settings!$A$2:$F$500, 4, FALSE), 0) -> 0 | AK55: 4 | AN55: =IFERROR(AM55 * VLOOKUP(AL55, settings!$A$2:$F$500, 4, FALSE), 0) -> 0 | AQ55: 4 | AT55: =IFERROR(AS55 * VLOOKUP(AR55, settings!$A$2:$F$500, 4, FALSE), 0) -> 0 | AW55: 4 | AZ55: =IFERROR(AY55 * VLOOKUP(AX55, settings!$A$2:$F$500, 4, FALSE), 0) -> 0 | BC55: 4 | BF55: =IFERROR(BE55 * VLOOKUP(BD55, settings!$A$2:$F$500, 4, FALSE), 0) -> 0 | BI55: 4 | BL55: =IFERROR(BK55 * VLOOKUP(BJ55, settings!$A$2:$F$500, 4, FALSE), 0) -> 0
A56: 5 | D56: =IFERROR(C56 * VLOOKUP(B56, settings!$A$2:$F$500, 4, FALSE), 0) -> 0 | G56: 5 | J56: =IFERROR(I56 * VLOOKUP(H56, settings!$A$2:$F$500, 4, FALSE), 0) -> 0 | M56: 5 | P56: =IFERROR(O56 * VLOOKUP(N56, settings!$A$2:$F$500, 4, FALSE), 0) -> 0 | S56: 5 | V56: =IFERROR(U56 * VLOOKUP(T56, settings!$A$2:$F$500, 4, FALSE), 0) -> 0 | Y56: 5 | AB56: =IFERROR(AA56 * VLOOKUP(Z56, settings!$A$2:$F$500, 4, FALSE), 0) -> 0 | AE56: 5 | AH56: =IFERROR(AG56 * VLOOKUP(AF56, settings!$A$2:$F$500, 4, FALSE), 0) -> 0 | AK56: 5 | AN56: =IFERROR(AM56 * VLOOKUP(AL56, settings!$A$2:$F$500, 4, FALSE), 0) -> 0 | AQ56: 5 | AT56: =IFERROR(AS56 * VLOOKUP(AR56, settings!$A$2:$F$500, 4, FALSE), 0) -> 0 | AW56: 5 | AZ56: =IFERROR(AY56 * VLOOKUP(AX56, settings!$A$2:$F$500, 4, FALSE), 0) -> 0 | BC56: 5 | BF56: =IFERROR(BE56 * VLOOKUP(BD56, settings!$A$2:$F$500, 4, FALSE), 0) -> 0 | BI56: 5 | BL56: =IFERROR(BK56 * VLOOKUP(BJ56, settings!$A$2:$F$500, 4, FALSE), 0) -> 0
A57: 6 | D57: =IFERROR(C57 * VLOOKUP(B57, settings!$A$2:$F$500, 4, FALSE), 0) -> 0 | G57: 6 | J57: =IFERROR(I57 * VLOOKUP(H57, settings!$A$2:$F$500, 4, FALSE), 0) -> 0 | M57: 6 | P57: =IFERROR(O57 * VLOOKUP(N57, settings!$A$2:$F$500, 4, FALSE), 0) -> 0 | S57: 6 | V57: =IFERROR(U57 * VLOOKUP(T57, settings!$A$2:$F$500, 4, FALSE), 0) -> 0 | Y57: 6 | AB57: =IFERROR(AA57 * VLOOKUP(Z57, settings!$A$2:$F$500, 4, FALSE), 0) -> 0 | AE57: 6 | AH57: =IFERROR(AG57 * VLOOKUP(AF57, settings!$A$2:$F$500, 4, FALSE), 0) -> 0 | AK57: 6 | AN57: =IFERROR(AM57 * VLOOKUP(AL57, settings!$A$2:$F$500, 4, FALSE), 0) -> 0 | AQ57: 6 | AT57: =IFERROR(AS57 * VLOOKUP(AR57, settings!$A$2:$F$500, 4, FALSE), 0) -> 0 | AW57: 6 | AZ57: =IFERROR(AY57 * VLOOKUP(AX57, settings!$A$2:$F$500, 4, FALSE), 0) -> 0 | BC57: 6 | BF57: =IFERROR(BE57 * VLOOKUP(BD57, settings!$A$2:$F$500, 4, FALSE), 0) -> 0 | BI57: 6 | BL57: =IFERROR(BK57 * VLOOKUP(BJ57, settings!$A$2:$F$500, 4, FALSE), 0) -> 0
A58: 7 | D58: =IFERROR(C58 * VLOOKUP(B58, settings!$A$2:$F$500, 4, FALSE), 0) -> 0 | G58: 7 | J58: =IFERROR(I58 * VLOOKUP(H58, settings!$A$2:$F$500, 4, FALSE), 0) -> 0 | M58: 7 | P58: =IFERROR(O58 * VLOOKUP(N58, settings!$A$2:$F$500, 4, FALSE), 0) -> 0 | S58: 7 | V58: =IFERROR(U58 * VLOOKUP(T58, settings!$A$2:$F$500, 4, FALSE), 0) -> 0 | Y58: 7 | AB58: =IFERROR(AA58 * VLOOKUP(Z58, settings!$A$2:$F$500, 4, FALSE), 0) -> 0 | AE58: 7 | AH58: =IFERROR(AG58 * VLOOKUP(AF58, settings!$A$2:$F$500, 4, FALSE), 0) -> 0 | AK58: 7 | AN58: =IFERROR(AM58 * VLOOKUP(AL58, settings!$A$2:$F$500, 4, FALSE), 0) -> 0 | AQ58: 7 | AT58: =IFERROR(AS58 * VLOOKUP(AR58, settings!$A$2:$F$500, 4, FALSE), 0) -> 0 | AW58: 7 | AZ58: =IFERROR(AY58 * VLOOKUP(AX58, settings!$A$2:$F$500, 4, FALSE), 0) -> 0 | BC58: 7 | BF58: =IFERROR(BE58 * VLOOKUP(BD58, settings!$A$2:$F$500, 4, FALSE), 0) -> 0 | BI58: 7 | BL58: =IFERROR(BK58 * VLOOKUP(BJ58, settings!$A$2:$F$500, 4, FALSE), 0) -> 0
A59: 8 | D59: =IFERROR(C59 * VLOOKUP(B59, settings!$A$2:$F$500, 4, FALSE), 0) -> 0 | G59: 8 | J59: =IFERROR(I59 * VLOOKUP(H59, settings!$A$2:$F$500, 4, FALSE), 0) -> 0 | M59: 8 | P59: =IFERROR(O59 * VLOOKUP(N59, settings!$A$2:$F$500, 4, FALSE), 0) -> 0 | S59: 8 | V59: =IFERROR(U59 * VLOOKUP(T59, settings!$A$2:$F$500, 4, FALSE), 0) -> 0 | Y59: 8 | AB59: =IFERROR(AA59 * VLOOKUP(Z59, settings!$A$2:$F$500, 4, FALSE), 0) -> 0 | AE59: 8 | AH59: =IFERROR(AG59 * VLOOKUP(AF59, settings!$A$2:$F$500, 4, FALSE), 0) -> 0 | AK59: 8 | AN59: =IFERROR(AM59 * VLOOKUP(AL59, settings!$A$2:$F$500, 4, FALSE), 0) -> 0 | AQ59: 8 | AT59: =IFERROR(AS59 * VLOOKUP(AR59, settings!$A$2:$F$500, 4, FALSE), 0) -> 0 | AW59: 8 | AZ59: =IFERROR(AY59 * VLOOKUP(AX59, settings!$A$2:$F$500, 4, FALSE), 0) -> 0 | BC59: 8 | BF59: =IFERROR(BE59 * VLOOKUP(BD59, settings!$A$2:$F$500, 4, FALSE), 0) -> 0 | BI59: 8 | BL59: =IFERROR(BK59 * VLOOKUP(BJ59, settings!$A$2:$F$500, 4, FALSE), 0) -> 0
A60: 9 | D60: =IFERROR(C60 * VLOOKUP(B60, settings!$A$2:$F$500, 4, FALSE), 0) -> 0 | G60: 9 | J60: =IFERROR(I60 * VLOOKUP(H60, settings!$A$2:$F$500, 4, FALSE), 0) -> 0 | M60: 9 | P60: =IFERROR(O60 * VLOOKUP(N60, settings!$A$2:$F$500, 4, FALSE), 0) -> 0 | S60: 9 | V60: =IFERROR(U60 * VLOOKUP(T60, settings!$A$2:$F$500, 4, FALSE), 0) -> 0 | Y60: 9 | AB60: =IFERROR(AA60 * VLOOKUP(Z60, settings!$A$2:$F$500, 4, FALSE), 0) -> 0 | AE60: 9 | AH60: =IFERROR(AG60 * VLOOKUP(AF60, settings!$A$2:$F$500, 4, FALSE), 0) -> 0 | AK60: 9 | AN60: =IFERROR(AM60 * VLOOKUP(AL60, settings!$A$2:$F$500, 4, FALSE), 0) -> 0 | AQ60: 9 | AT60: =IFERROR(AS60 * VLOOKUP(AR60, settings!$A$2:$F$500, 4, FALSE), 0) -> 0 | AW60: 9 | AZ60: =IFERROR(AY60 * VLOOKUP(AX60, settings!$A$2:$F$500, 4, FALSE), 0) -> 0 | BC60: 9 | BF60: =IFERROR(BE60 * VLOOKUP(BD60, settings!$A$2:$F$500, 4, FALSE), 0) -> 0 | BI60: 9 | BL60: =IFERROR(BK60 * VLOOKUP(BJ60, settings!$A$2:$F$500, 4, FALSE), 0) -> 0
A61: 10 | D61: =IFERROR(C61 * VLOOKUP(B61, settings!$A$2:$F$500, 4, FALSE), 0) -> 0 | G61: 10 | J61: =IFERROR(I61 * VLOOKUP(H61, settings!$A$2:$F$500, 4, FALSE), 0) -> 0 | M61: 10 | P61: =IFERROR(O61 * VLOOKUP(N61, settings!$A$2:$F$500, 4, FALSE), 0) -> 0 | S61: 10 | V61: =IFERROR(U61 * VLOOKUP(T61, settings!$A$2:$F$500, 4, FALSE), 0) -> 0 | Y61: 10 | AB61: =IFERROR(AA61 * VLOOKUP(Z61, settings!$A$2:$F$500, 4, FALSE), 0) -> 0 | AE61: 10 | AH61: =IFERROR(AG61 * VLOOKUP(AF61, settings!$A$2:$F$500, 4, FALSE), 0) -> 0 | AK61: 10 | AN61: =IFERROR(AM61 * VLOOKUP(AL61, settings!$A$2:$F$500, 4, FALSE), 0) -> 0 | AQ61: 10 | AT61: =IFERROR(AS61 * VLOOKUP(AR61, settings!$A$2:$F$500, 4, FALSE), 0) -> 0 | AW61: 10 | AZ61: =IFERROR(AY61 * VLOOKUP(AX61, settings!$A$2:$F$500, 4, FALSE), 0) -> 0 | BC61: 10 | BF61: =IFERROR(BE61 * VLOOKUP(BD61, settings!$A$2:$F$500, 4, FALSE), 0) -> 0 | BI61: 10 | BL61: =IFERROR(BK61 * VLOOKUP(BJ61, settings!$A$2:$F$500, 4, FALSE), 0) -> 0
A62: 11 | D62: =IFERROR(C62 * VLOOKUP(B62, settings!$A$2:$F$500, 4, FALSE), 0) -> 0 | G62: 11 | J62: =IFERROR(I62 * VLOOKUP(H62, settings!$A$2:$F$500, 4, FALSE), 0) -> 0 | M62: 11 | P62: =IFERROR(O62 * VLOOKUP(N62, settings!$A$2:$F$500, 4, FALSE), 0) -> 0 | S62: 11 | V62: =IFERROR(U62 * VLOOKUP(T62, settings!$A$2:$F$500, 4, FALSE), 0) -> 0 | Y62: 11 | AB62: =IFERROR(AA62 * VLOOKUP(Z62, settings!$A$2:$F$500, 4, FALSE), 0) -> 0 | AE62: 11 | AH62: =IFERROR(AG62 * VLOOKUP(AF62, settings!$A$2:$F$500, 4, FALSE), 0) -> 0 | AK62: 11 | AN62: =IFERROR(AM62 * VLOOKUP(AL62, settings!$A$2:$F$500, 4, FALSE), 0) -> 0 | AQ62: 11 | AT62: =IFERROR(AS62 * VLOOKUP(AR62, settings!$A$2:$F$500, 4, FALSE), 0) -> 0 | AW62: 11 | AZ62: =IFERROR(AY62 * VLOOKUP(AX62, settings!$A$2:$F$500, 4, FALSE), 0) -> 0 | BC62: 11 | BF62: =IFERROR(BE62 * VLOOKUP(BD62, settings!$A$2:$F$500, 4, FALSE), 0) -> 0 | BI62: 11 | BL62: =IFERROR(BK62 * VLOOKUP(BJ62, settings!$A$2:$F$500, 4, FALSE), 0) -> 0
A63: 12 | D63: =IFERROR(C63 * VLOOKUP(B63, settings!$A$2:$F$500, 4, FALSE), 0) -> 0 | G63: 12 | J63: =IFERROR(I63 * VLOOKUP(H63, settings!$A$2:$F$500, 4, FALSE), 0) -> 0 | M63: 12 | P63: =IFERROR(O63 * VLOOKUP(N63, settings!$A$2:$F$500, 4, FALSE), 0) -> 0 | S63: 12 | V63: =IFERROR(U63 * VLOOKUP(T63, settings!$A$2:$F$500, 4, FALSE), 0) -> 0 | Y63: 12 | AB63: =IFERROR(AA63 * VLOOKUP(Z63, settings!$A$2:$F$500, 4, FALSE), 0) -> 0 | AE63: 12 | AH63: =IFERROR(AG63 * VLOOKUP(AF63, settings!$A$2:$F$500, 4, FALSE), 0) -> 0 | AK63: 12 | AN63: =IFERROR(AM63 * VLOOKUP(AL63, settings!$A$2:$F$500, 4, FALSE), 0) -> 0 | AQ63: 12 | AT63: =IFERROR(AS63 * VLOOKUP(AR63, settings!$A$2:$F$500, 4, FALSE), 0) -> 0 | AW63: 12 | AZ63: =IFERROR(AY63 * VLOOKUP(AX63, settings!$A$2:$F$500, 4, FALSE), 0) -> 0 | BC63: 12 | BF63: =IFERROR(BE63 * VLOOKUP(BD63, settings!$A$2:$F$500, 4, FALSE), 0) -> 0 | BI63: 12 | BL63: =IFERROR(BK63 * VLOOKUP(BJ63, settings!$A$2:$F$500, 4, FALSE), 0) -> 0
... A66: 15 | D66: =IFERROR(C66 * VLOOKUP(B66, settings!$A$2:$F$500, 4, FALSE), 0) -> 0 | G66: 15 | J66: =IFERROR(I66 * VLOOKUP(H66, settings!$A$2:$F$500, 4, FALSE), 0) -> 0 | M66: 15 | P66: =IFERROR(O66 * VLOOKUP(N66, settings!$A$2:$F$500, 4, FALSE), 0) -> 0 | S66: 15 | V66: =IFERROR(U66 * VLOOKUP(T66, settings!$A$2:$F$500, 4, FALSE), 0) -> 0 | Y66: 15 | AB66: =IFERROR(AA66 * VLOOKUP(Z66, settings!$A$2:$F$500, 4, FALSE), 0) -> 0 | AE66: 15 | AH66: =IFERROR(AG66 * VLOOKUP(AF66, settings!$A$2:$F$500, 4, FALSE), 0) -> 0 | AK66: 15 | AN66: =IFERROR(AM66 * VLOOKUP(AL66, settings!$A$2:$F$500, 4, FALSE), 0) -> 0 | AQ66: 15 | AT66: =IFERROR(AS66 * VLOOKUP(AR66, settings!$A$2:$F$500, 4, FALSE), 0) -> 0 | AW66: 15 | AZ66: =IFERROR(AY66 * VLOOKUP(AX66, settings!$A$2:$F$500, 4, FALSE), 0) -> 0 | BC66: 15 | BF66: =IFERROR(BE66 * VLOOKUP(BD66, settings!$A$2:$F$500, 4, FALSE), 0) -> 0 | BI66: 15 | BL66: =IFERROR(BK66 * VLOOKUP(BJ66, settings!$A$2:$F$500, 4, FALSE), 0) -> 0
D67: depreciation(%) | J67: depreciation(%) | P67: depreciation(%) | V67: depreciation(%) | AB67: depreciation(%) | AH67: depreciation(%) | AN67: depreciation(%) | AT67: depreciation(%) | AZ67: depreciation(%) | BF67: depreciation(%) | BL67: depreciation(%)
D68: Work(%) | J68: Work(%) | P68: Work(%) | V68: Work(%) | AB68: Work(%) | AH68: Work(%) | AN68: Work(%) | AT68: Work(%) | AZ68: Work(%) | BF68: Work(%) | BL68: Work(%)
D69: Work + deprec. | E69: =SUM(D52:D66) * (E67 + E68) -> 0 | J69: Work + deprec. | K69: =SUM(J52:J66) * (K67 + K68) -> 0 | P69: Work + deprec. | Q69: =SUM(P52:P66) * (Q67 + Q68) -> 0 | V69: Work + deprec. | W69: =SUM(V52:V66) * (W67 + W68) -> 0 | AB69: Work + deprec. | AC69: =SUM(AB52:AB66) * (AC67 + AC68) -> 0 | AH69: Work + deprec. | AI69: =SUM(AH52:AH66) * (AI67 + AI68) -> 0 | AN69: Work + deprec. | AO69: =SUM(AN52:AN66) * (AO67 + AO68) -> 0 | AT69: Work + deprec. | AU69: =SUM(AT52:AT66) * (AU67 + AU68) -> 0 | AZ69: Work + deprec. | BA69: =SUM(AZ52:AZ66) * (BA67 + BA68) -> 0 | BF69: Work + deprec. | BG69: =SUM(BF52:BF66) * (BG67 + BG68) -> 0 | BL69: Work + deprec. | BM69: =SUM(BL52:BL66) * (BM67 + BM68) -> 0
D70: Total Price | E70: =SUM(D52:D66) + E69 -> 0 | J70: Total Price | K70: =SUM(J52:J66) + K69 -> 0 | P70: Total Price | Q70: =SUM(P52:P66) + Q69 -> 0 | V70: Total Price | W70: =SUM(V52:V66) + W69 -> 0 | AB70: Total Price | AC70: =SUM(AB52:AB66) + AC69 -> 0 | AH70: Total Price | AI70: =SUM(AH52:AH66) + AI69 -> 0 | AN70: Total Price | AO70: =SUM(AN52:AN66) + AO69 -> 0 | AT70: Total Price | AU70: =SUM(AT52:AT66) + AU69 -> 0 | AZ70: Total Price | BA70: =SUM(AZ52:AZ66) + BA69 -> 0 | BF70: Total Price | BG70: =SUM(BF52:BF66) + BG69 -> 0 | BL70: Total Price | BM70: =SUM(BL52:BL66) + BM69 -> 0
D71: Price per 1 | E71: =IF(E49 > 0, E70 / E49, 0) -> 0 | J71: Price per 1 | K71: =IF(K49 > 0, K70 / K49, 0) -> 0 | P71: Price per 1 | Q71: =IF(Q49 > 0, Q70 / Q49, 0) -> 0 | V71: Price per 1 | W71: =IF(W49 > 0, W70 / W49, 0) -> 0 | AB71: Price per 1 | AC71: =IF(AC49 > 0, AC70 / AC49, 0) -> 0 | AH71: Price per 1 | AI71: =IF(AI49 > 0, AI70 / AI49, 0) -> 0 | AN71: Price per 1 | AO71: =IF(AO49 > 0, AO70 / AO49, 0) -> 0 | AT71: Price per 1 | AU71: =IF(AU49 > 0, AU70 / AU49, 0) -> 0 | AZ71: Price per 1 | BA71: =IF(BA49 > 0, BA70 / BA49, 0) -> 0 | BF71: Price per 1 | BG71: =IF(BG49 > 0, BG70 / BG49, 0) -> 0 | BL71: Price per 1 | BM71: =IF(BM49 > 0, BM70 / BM49, 0) -> 0
A73: Product name | D73: portion | G73: Product name | J73: portion | M73: Product name | P73: portion | S73: Product name | V73: portion | Y73: Product name | AB73: portion | AE73: Product name | AH73: portion | AK73: Product name | AN73: portion | AQ73: Product name | AT73: portion | AW73: Product name | AZ73: portion | BC73: Product name | BF73: portion | BI73: Product name | BL73: portion
A75: # | B75: Grocery | C75: Quantity | D75: price | G75: # | H75: Grocery | I75: Quantity | J75: price | M75: # | N75: Grocery | O75: Quantity | P75: price | S75: # | T75: Grocery | U75: Quantity | V75: price | Y75: # | Z75: Grocery | AA75: Quantity | AB75: price | AE75: # | AF75: Grocery | AG75: Quantity | AH75: price | AK75: # | AL75: Grocery | AM75: Quantity | AN75: price | AQ75: # | AR75: Grocery | AS75: Quantity | AT75: price | AW75: # | AX75: Grocery | AY75: Quantity | AZ75: price | BC75: # | BD75: Grocery | BE75: Quantity | BF75: price | BI75: # | BJ75: Grocery | BK75: Quantity | BL75: price
A76: 1 | D76: =IFERROR(C76 * VLOOKUP(B76, settings!$A$2:$F$500, 4, FALSE), 0) -> 0 | G76: 1 | J76: =IFERROR(I76 * VLOOKUP(H76, settings!$A$2:$F$500, 4, FALSE), 0) -> 0 | M76: 1 | P76: =IFERROR(O76 * VLOOKUP(N76, settings!$A$2:$F$500, 4, FALSE), 0) -> 0 | S76: 1 | V76: =IFERROR(U76 * VLOOKUP(T76, settings!$A$2:$F$500, 4, FALSE), 0) -> 0 | Y76: 1 | AB76: =IFERROR(AA76 * VLOOKUP(Z76, settings!$A$2:$F$500, 4, FALSE), 0) -> 0 | AE76: 1 | AH76: =IFERROR(AG76 * VLOOKUP(AF76, settings!$A$2:$F$500, 4, FALSE), 0) -> 0 | AK76: 1 | AN76: =IFERROR(AM76 * VLOOKUP(AL76, settings!$A$2:$F$500, 4, FALSE), 0) -> 0 | AQ76: 1 | AT76: =IFERROR(AS76 * VLOOKUP(AR76, settings!$A$2:$F$500, 4, FALSE), 0) -> 0 | AW76: 1 | AZ76: =IFERROR(AY76 * VLOOKUP(AX76, settings!$A$2:$F$500, 4, FALSE), 0) -> 0 | BC76: 1 | BF76: =IFERROR(BE76 * VLOOKUP(BD76, settings!$A$2:$F$500, 4, FALSE), 0) -> 0 | BI76: 1 | BL76: =IFERROR(BK76 * VLOOKUP(BJ76, settings!$A$2:$F$500, 4, FALSE), 0) -> 0
A77: 2 | D77: =IFERROR(C77 * VLOOKUP(B77, settings!$A$2:$F$500, 4, FALSE), 0) -> 0 | G77: 2 | J77: =IFERROR(I77 * VLOOKUP(H77, settings!$A$2:$F$500, 4, FALSE), 0) -> 0 | M77: 2 | P77: =IFERROR(O77 * VLOOKUP(N77, settings!$A$2:$F$500, 4, FALSE), 0) -> 0 | S77: 2 | V77: =IFERROR(U77 * VLOOKUP(T77, settings!$A$2:$F$500, 4, FALSE), 0) -> 0 | Y77: 2 | AB77: =IFERROR(AA77 * VLOOKUP(Z77, settings!$A$2:$F$500, 4, FALSE), 0) -> 0 | AE77: 2 | AH77: =IFERROR(AG77 * VLOOKUP(AF77, settings!$A$2:$F$500, 4, FALSE), 0) -> 0 | AK77: 2 | AN77: =IFERROR(AM77 * VLOOKUP(AL77, settings!$A$2:$F$500, 4, FALSE), 0) -> 0 | AQ77: 2 | AT77: =IFERROR(AS77 * VLOOKUP(AR77, settings!$A$2:$F$500, 4, FALSE), 0) -> 0 | AW77: 2 | AZ77: =IFERROR(AY77 * VLOOKUP(AX77, settings!$A$2:$F$500, 4, FALSE), 0) -> 0 | BC77: 2 | BF77: =IFERROR(BE77 * VLOOKUP(BD77, settings!$A$2:$F$500, 4, FALSE), 0) -> 0 | BI77: 2 | BL77: =IFERROR(BK77 * VLOOKUP(BJ77, settings!$A$2:$F$500, 4, FALSE), 0) -> 0
A78: 3 | D78: =IFERROR(C78 * VLOOKUP(B78, settings!$A$2:$F$500, 4, FALSE), 0) -> 0 | G78: 3 | J78: =IFERROR(I78 * VLOOKUP(H78, settings!$A$2:$F$500, 4, FALSE), 0) -> 0 | M78: 3 | P78: =IFERROR(O78 * VLOOKUP(N78, settings!$A$2:$F$500, 4, FALSE), 0) -> 0 | S78: 3 | V78: =IFERROR(U78 * VLOOKUP(T78, settings!$A$2:$F$500, 4, FALSE), 0) -> 0 | Y78: 3 | AB78: =IFERROR(AA78 * VLOOKUP(Z78, settings!$A$2:$F$500, 4, FALSE), 0) -> 0 | AE78: 3 | AH78: =IFERROR(AG78 * VLOOKUP(AF78, settings!$A$2:$F$500, 4, FALSE), 0) -> 0 | AK78: 3 | AN78: =IFERROR(AM78 * VLOOKUP(AL78, settings!$A$2:$F$500, 4, FALSE), 0) -> 0 | AQ78: 3 | AT78: =IFERROR(AS78 * VLOOKUP(AR78, settings!$A$2:$F$500, 4, FALSE), 0) -> 0 | AW78: 3 | AZ78: =IFERROR(AY78 * VLOOKUP(AX78, settings!$A$2:$F$500, 4, FALSE), 0) -> 0 | BC78: 3 | BF78: =IFERROR(BE78 * VLOOKUP(BD78, settings!$A$2:$F$500, 4, FALSE), 0) -> 0 | BI78: 3 | BL78: =IFERROR(BK78 * VLOOKUP(BJ78, settings!$A$2:$F$500, 4, FALSE), 0) -> 0
A79: 4 | D79: =IFERROR(C79 * VLOOKUP(B79, settings!$A$2:$F$500, 4, FALSE), 0) -> 0 | G79: 4 | J79: =IFERROR(I79 * VLOOKUP(H79, settings!$A$2:$F$500, 4, FALSE), 0) -> 0 | M79: 4 | P79: =IFERROR(O79 * VLOOKUP(N79, settings!$A$2:$F$500, 4, FALSE), 0) -> 0 | S79: 4 | V79: =IFERROR(U79 * VLOOKUP(T79, settings!$A$2:$F$500, 4, FALSE), 0) -> 0 | Y79: 4 | AB79: =IFERROR(AA79 * VLOOKUP(Z79, settings!$A$2:$F$500, 4, FALSE), 0) -> 0 | AE79: 4 | AH79: =IFERROR(AG79 * VLOOKUP(AF79, settings!$A$2:$F$500, 4, FALSE), 0) -> 0 | AK79: 4 | AN79: =IFERROR(AM79 * VLOOKUP(AL79, settings!$A$2:$F$500, 4, FALSE), 0) -> 0 | AQ79: 4 | AT79: =IFERROR(AS79 * VLOOKUP(AR79, settings!$A$2:$F$500, 4, FALSE), 0) -> 0 | AW79: 4 | AZ79: =IFERROR(AY79 * VLOOKUP(AX79, settings!$A$2:$F$500, 4, FALSE), 0) -> 0 | BC79: 4 | BF79: =IFERROR(BE79 * VLOOKUP(BD79, settings!$A$2:$F$500, 4, FALSE), 0) -> 0 | BI79: 4 | BL79: =IFERROR(BK79 * VLOOKUP(BJ79, settings!$A$2:$F$500, 4, FALSE), 0) -> 0
A80: 5 | D80: =IFERROR(C80 * VLOOKUP(B80, settings!$A$2:$F$500, 4, FALSE), 0) -> 0 | G80: 5 | J80: =IFERROR(I80 * VLOOKUP(H80, settings!$A$2:$F$500, 4, FALSE), 0) -> 0 | M80: 5 | P80: =IFERROR(O80 * VLOOKUP(N80, settings!$A$2:$F$500, 4, FALSE), 0) -> 0 | S80: 5 | V80: =IFERROR(U80 * VLOOKUP(T80, settings!$A$2:$F$500, 4, FALSE), 0) -> 0 | Y80: 5 | AB80: =IFERROR(AA80 * VLOOKUP(Z80, settings!$A$2:$F$500, 4, FALSE), 0) -> 0 | AE80: 5 | AH80: =IFERROR(AG80 * VLOOKUP(AF80, settings!$A$2:$F$500, 4, FALSE), 0) -> 0 | AK80: 5 | AN80: =IFERROR(AM80 * VLOOKUP(AL80, settings!$A$2:$F$500, 4, FALSE), 0) -> 0 | AQ80: 5 | AT80: =IFERROR(AS80 * VLOOKUP(AR80, settings!$A$2:$F$500, 4, FALSE), 0) -> 0 | AW80: 5 | AZ80: =IFERROR(AY80 * VLOOKUP(AX80, settings!$A$2:$F$500, 4, FALSE), 0) -> 0 | BC80: 5 | BF80: =IFERROR(BE80 * VLOOKUP(BD80, settings!$A$2:$F$500, 4, FALSE), 0) -> 0 | BI80: 5 | BL80: =IFERROR(BK80 * VLOOKUP(BJ80, settings!$A$2:$F$500, 4, FALSE), 0) -> 0
A81: 6 | D81: =IFERROR(C81 * VLOOKUP(B81, settings!$A$2:$F$500, 4, FALSE), 0) -> 0 | G81: 6 | J81: =IFERROR(I81 * VLOOKUP(H81, settings!$A$2:$F$500, 4, FALSE), 0) -> 0 | M81: 6 | P81: =IFERROR(O81 * VLOOKUP(N81, settings!$A$2:$F$500, 4, FALSE), 0) -> 0 | S81: 6 | V81: =IFERROR(U81 * VLOOKUP(T81, settings!$A$2:$F$500, 4, FALSE), 0) -> 0 | Y81: 6 | AB81: =IFERROR(AA81 * VLOOKUP(Z81, settings!$A$2:$F$500, 4, FALSE), 0) -> 0 | AE81: 6 | AH81: =IFERROR(AG81 * VLOOKUP(AF81, settings!$A$2:$F$500, 4, FALSE), 0) -> 0 | AK81: 6 | AN81: =IFERROR(AM81 * VLOOKUP(AL81, settings!$A$2:$F$500, 4, FALSE), 0) -> 0 | AQ81: 6 | AT81: =IFERROR(AS81 * VLOOKUP(AR81, settings!$A$2:$F$500, 4, FALSE), 0) -> 0 | AW81: 6 | AZ81: =IFERROR(AY81 * VLOOKUP(AX81, settings!$A$2:$F$500, 4, FALSE), 0) -> 0 | BC81: 6 | BF81: =IFERROR(BE81 * VLOOKUP(BD81, settings!$A$2:$F$500, 4, FALSE), 0) -> 0 | BI81: 6 | BL81: =IFERROR(BK81 * VLOOKUP(BJ81, settings!$A$2:$F$500, 4, FALSE), 0) -> 0
A82: 7 | D82: =IFERROR(C82 * VLOOKUP(B82, settings!$A$2:$F$500, 4, FALSE), 0) -> 0 | G82: 7 | J82: =IFERROR(I82 * VLOOKUP(H82, settings!$A$2:$F$500, 4, FALSE), 0) -> 0 | M82: 7 | P82: =IFERROR(O82 * VLOOKUP(N82, settings!$A$2:$F$500, 4, FALSE), 0) -> 0 | S82: 7 | V82: =IFERROR(U82 * VLOOKUP(T82, settings!$A$2:$F$500, 4, FALSE), 0) -> 0 | Y82: 7 | AB82: =IFERROR(AA82 * VLOOKUP(Z82, settings!$A$2:$F$500, 4, FALSE), 0) -> 0 | AE82: 7 | AH82: =IFERROR(AG82 * VLOOKUP(AF82, settings!$A$2:$F$500, 4, FALSE), 0) -> 0 | AK82: 7 | AN82: =IFERROR(AM82 * VLOOKUP(AL82, settings!$A$2:$F$500, 4, FALSE), 0) -> 0 | AQ82: 7 | AT82: =IFERROR(AS82 * VLOOKUP(AR82, settings!$A$2:$F$500, 4, FALSE), 0) -> 0 | AW82: 7 | AZ82: =IFERROR(AY82 * VLOOKUP(AX82, settings!$A$2:$F$500, 4, FALSE), 0) -> 0 | BC82: 7 | BF82: =IFERROR(BE82 * VLOOKUP(BD82, settings!$A$2:$F$500, 4, FALSE), 0) -> 0 | BI82: 7 | BL82: =IFERROR(BK82 * VLOOKUP(BJ82, settings!$A$2:$F$500, 4, FALSE), 0) -> 0
A83: 8 | D83: =IFERROR(C83 * VLOOKUP(B83, settings!$A$2:$F$500, 4, FALSE), 0) -> 0 | G83: 8 | J83: =IFERROR(I83 * VLOOKUP(H83, settings!$A$2:$F$500, 4, FALSE), 0) -> 0 | M83: 8 | P83: =IFERROR(O83 * VLOOKUP(N83, settings!$A$2:$F$500, 4, FALSE), 0) -> 0 | S83: 8 | V83: =IFERROR(U83 * VLOOKUP(T83, settings!$A$2:$F$500, 4, FALSE), 0) -> 0 | Y83: 8 | AB83: =IFERROR(AA83 * VLOOKUP(Z83, settings!$A$2:$F$500, 4, FALSE), 0) -> 0 | AE83: 8 | AH83: =IFERROR(AG83 * VLOOKUP(AF83, settings!$A$2:$F$500, 4, FALSE), 0) -> 0 | AK83: 8 | AN83: =IFERROR(AM83 * VLOOKUP(AL83, settings!$A$2:$F$500, 4, FALSE), 0) -> 0 | AQ83: 8 | AT83: =IFERROR(AS83 * VLOOKUP(AR83, settings!$A$2:$F$500, 4, FALSE), 0) -> 0 | AW83: 8 | AZ83: =IFERROR(AY83 * VLOOKUP(AX83, settings!$A$2:$F$500, 4, FALSE), 0) -> 0 | BC83: 8 | BF83: =IFERROR(BE83 * VLOOKUP(BD83, settings!$A$2:$F$500, 4, FALSE), 0) -> 0 | BI83: 8 | BL83: =IFERROR(BK83 * VLOOKUP(BJ83, settings!$A$2:$F$500, 4, FALSE), 0) -> 0
A84: 9 | D84: =IFERROR(C84 * VLOOKUP(B84, settings!$A$2:$F$500, 4, FALSE), 0) -> 0 | G84: 9 | J84: =IFERROR(I84 * VLOOKUP(H84, settings!$A$2:$F$500, 4, FALSE), 0) -> 0 | M84: 9 | P84: =IFERROR(O84 * VLOOKUP(N84, settings!$A$2:$F$500, 4, FALSE), 0) -> 0 | S84: 9 | V84: =IFERROR(U84 * VLOOKUP(T84, settings!$A$2:$F$500, 4, FALSE), 0) -> 0 | Y84: 9 | AB84: =IFERROR(AA84 * VLOOKUP(Z84, settings!$A$2:$F$500, 4, FALSE), 0) -> 0 | AE84: 9 | AH84: =IFERROR(AG84 * VLOOKUP(AF84, settings!$A$2:$F$500, 4, FALSE), 0) -> 0 | AK84: 9 | AN84: =IFERROR(AM84 * VLOOKUP(AL84, settings!$A$2:$F$500, 4, FALSE), 0) -> 0 | AQ84: 9 | AT84: =IFERROR(AS84 * VLOOKUP(AR84, settings!$A$2:$F$500, 4, FALSE), 0) -> 0 | AW84: 9 | AZ84: =IFERROR(AY84 * VLOOKUP(AX84, settings!$A$2:$F$500, 4, FALSE), 0) -> 0 | BC84: 9 | BF84: =IFERROR(BE84 * VLOOKUP(BD84, settings!$A$2:$F$500, 4, FALSE), 0) -> 0 | BI84: 9 | BL84: =IFERROR(BK84 * VLOOKUP(BJ84, settings!$A$2:$F$500, 4, FALSE), 0) -> 0
A85: 10 | D85: =IFERROR(C85 * VLOOKUP(B85, settings!$A$2:$F$500, 4, FALSE), 0) -> 0 | G85: 10 | J85: =IFERROR(I85 * VLOOKUP(H85, settings!$A$2:$F$500, 4, FALSE), 0) -> 0 | M85: 10 | P85: =IFERROR(O85 * VLOOKUP(N85, settings!$A$2:$F$500, 4, FALSE), 0) -> 0 | S85: 10 | V85: =IFERROR(U85 * VLOOKUP(T85, settings!$A$2:$F$500, 4, FALSE), 0) -> 0 | Y85: 10 | AB85: =IFERROR(AA85 * VLOOKUP(Z85, settings!$A$2:$F$500, 4, FALSE), 0) -> 0 | AE85: 10 | AH85: =IFERROR(AG85 * VLOOKUP(AF85, settings!$A$2:$F$500, 4, FALSE), 0) -> 0 | AK85: 10 | AN85: =IFERROR(AM85 * VLOOKUP(AL85, settings!$A$2:$F$500, 4, FALSE), 0) -> 0 | AQ85: 10 | AT85: =IFERROR(AS85 * VLOOKUP(AR85, settings!$A$2:$F$500, 4, FALSE), 0) -> 0 | AW85: 10 | AZ85: =IFERROR(AY85 * VLOOKUP(AX85, settings!$A$2:$F$500, 4, FALSE), 0) -> 0 | BC85: 10 | BF85: =IFERROR(BE85 * VLOOKUP(BD85, settings!$A$2:$F$500, 4, FALSE), 0) -> 0 | BI85: 10 | BL85: =IFERROR(BK85 * VLOOKUP(BJ85, settings!$A$2:$F$500, 4, FALSE), 0) -> 0
A86: 11 | D86: =IFERROR(C86 * VLOOKUP(B86, settings!$A$2:$F$500, 4, FALSE), 0) -> 0 | G86: 11 | J86: =IFERROR(I86 * VLOOKUP(H86, settings!$A$2:$F$500, 4, FALSE), 0) -> 0 | M86: 11 | P86: =IFERROR(O86 * VLOOKUP(N86, settings!$A$2:$F$500, 4, FALSE), 0) -> 0 | S86: 11 | V86: =IFERROR(U86 * VLOOKUP(T86, settings!$A$2:$F$500, 4, FALSE), 0) -> 0 | Y86: 11 | AB86: =IFERROR(AA86 * VLOOKUP(Z86, settings!$A$2:$F$500, 4, FALSE), 0) -> 0 | AE86: 11 | AH86: =IFERROR(AG86 * VLOOKUP(AF86, settings!$A$2:$F$500, 4, FALSE), 0) -> 0 | AK86: 11 | AN86: =IFERROR(AM86 * VLOOKUP(AL86, settings!$A$2:$F$500, 4, FALSE), 0) -> 0 | AQ86: 11 | AT86: =IFERROR(AS86 * VLOOKUP(AR86, settings!$A$2:$F$500, 4, FALSE), 0) -> 0 | AW86: 11 | AZ86: =IFERROR(AY86 * VLOOKUP(AX86, settings!$A$2:$F$500, 4, FALSE), 0) -> 0 | BC86: 11 | BF86: =IFERROR(BE86 * VLOOKUP(BD86, settings!$A$2:$F$500, 4, FALSE), 0) -> 0 | BI86: 11 | BL86: =IFERROR(BK86 * VLOOKUP(BJ86, settings!$A$2:$F$500, 4, FALSE), 0) -> 0
A87: 12 | D87: =IFERROR(C87 * VLOOKUP(B87, settings!$A$2:$F$500, 4, FALSE), 0) -> 0 | G87: 12 | J87: =IFERROR(I87 * VLOOKUP(H87, settings!$A$2:$F$500, 4, FALSE), 0) -> 0 | M87: 12 | P87: =IFERROR(O87 * VLOOKUP(N87, settings!$A$2:$F$500, 4, FALSE), 0) -> 0 | S87: 12 | V87: =IFERROR(U87 * VLOOKUP(T87, settings!$A$2:$F$500, 4, FALSE), 0) -> 0 | Y87: 12 | AB87: =IFERROR(AA87 * VLOOKUP(Z87, settings!$A$2:$F$500, 4, FALSE), 0) -> 0 | AE87: 12 | AH87: =IFERROR(AG87 * VLOOKUP(AF87, settings!$A$2:$F$500, 4, FALSE), 0) -> 0 | AK87: 12 | AN87: =IFERROR(AM87 * VLOOKUP(AL87, settings!$A$2:$F$500, 4, FALSE), 0) -> 0 | AQ87: 12 | AT87: =IFERROR(AS87 * VLOOKUP(AR87, settings!$A$2:$F$500, 4, FALSE), 0) -> 0 | AW87: 12 | AZ87: =IFERROR(AY87 * VLOOKUP(AX87, settings!$A$2:$F$500, 4, FALSE), 0) -> 0 | BC87: 12 | BF87: =IFERROR(BE87 * VLOOKUP(BD87, settings!$A$2:$F$500, 4, FALSE), 0) -> 0 | BI87: 12 | BL87: =IFERROR(BK87 * VLOOKUP(BJ87, settings!$A$2:$F$500, 4, FALSE), 0) -> 0
... A90: 15 | D90: =IFERROR(C90 * VLOOKUP(B90, settings!$A$2:$F$500, 4, FALSE), 0) -> 0 | G90: 15 | J90: =IFERROR(I90 * VLOOKUP(H90, settings!$A$2:$F$500, 4, FALSE), 0) -> 0 | M90: 15 | P90: =IFERROR(O90 * VLOOKUP(N90, settings!$A$2:$F$500, 4, FALSE), 0) -> 0 | S90: 15 | V90: =IFERROR(U90 * VLOOKUP(T90, settings!$A$2:$F$500, 4, FALSE), 0) -> 0 | Y90: 15 | AB90: =IFERROR(AA90 * VLOOKUP(Z90, settings!$A$2:$F$500, 4, FALSE), 0) -> 0 | AE90: 15 | AH90: =IFERROR(AG90 * VLOOKUP(AF90, settings!$A$2:$F$500, 4, FALSE), 0) -> 0 | AK90: 15 | AN90: =IFERROR(AM90 * VLOOKUP(AL90, settings!$A$2:$F$500, 4, FALSE), 0) -> 0 | AQ90: 15 | AT90: =IFERROR(AS90 * VLOOKUP(AR90, settings!$A$2:$F$500, 4, FALSE), 0) -> 0 | AW90: 15 | AZ90: =IFERROR(AY90 * VLOOKUP(AX90, settings!$A$2:$F$500, 4, FALSE), 0) -> 0 | BC90: 15 | BF90: =IFERROR(BE90 * VLOOKUP(BD90, settings!$A$2:$F$500, 4, FALSE), 0) -> 0 | BI90: 15 | BL90: =IFERROR(BK90 * VLOOKUP(BJ90, settings!$A$2:$F$500, 4, FALSE), 0) -> 0
D91: depreciation(%) | J91: depreciation(%) | P91: depreciation(%) | V91: depreciation(%) | AB91: depreciation(%) | AH91: depreciation(%) | AN91: depreciation(%) | AT91: depreciation(%) | AZ91: depreciation(%) | BF91: depreciation(%) | BL91: depreciation(%)
D92: Work(%) | J92: Work(%) | P92: Work(%) | V92: Work(%) | AB92: Work(%) | AH92: Work(%) | AN92: Work(%) | AT92: Work(%) | AZ92: Work(%) | BF92: Work(%) | BL92: Work(%)
D93: Work + deprec. | E93: =SUM(D76:D90) * (E91 + E92) -> 0 | J93: Work + deprec. | K93: =SUM(J76:J90) * (K91 + K92) -> 0 | P93: Work + deprec. | Q93: =SUM(P76:P90) * (Q91 + Q92) -> 0 | V93: Work + deprec. | W93: =SUM(V76:V90) * (W91 + W92) -> 0 | AB93: Work + deprec. | AC93: =SUM(AB76:AB90) * (AC91 + AC92) -> 0 | AH93: Work + deprec. | AI93: =SUM(AH76:AH90) * (AI91 + AI92) -> 0 | AN93: Work + deprec. | AO93: =SUM(AN76:AN90) * (AO91 + AO92) -> 0 | AT93: Work + deprec. | AU93: =SUM(AT76:AT90) * (AU91 + AU92) -> 0 | AZ93: Work + deprec. | BA93: =SUM(AZ76:AZ90) * (BA91 + BA92) -> 0 | BF93: Work + deprec. | BG93: =SUM(BF76:BF90) * (BG91 + BG92) -> 0 | BL93: Work + deprec. | BM93: =SUM(BL76:BL90) * (BM91 + BM92) -> 0
D94: Total Price | E94: =SUM(D76:D90) + E93 -> 0 | J94: Total Price | K94: =SUM(J76:J90) + K93 -> 0 | P94: Total Price | Q94: =SUM(P76:P90) + Q93 -> 0 | V94: Total Price | W94: =SUM(V76:V90) + W93 -> 0 | AB94: Total Price | AC94: =SUM(AB76:AB90) + AC93 -> 0 | AH94: Total Price | AI94: =SUM(AH76:AH90) + AI93 -> 0 | AN94: Total Price | AO94: =SUM(AN76:AN90) + AO93 -> 0 | AT94: Total Price | AU94: =SUM(AT76:AT90) + AU93 -> 0 | AZ94: Total Price | BA94: =SUM(AZ76:AZ90) + BA93 -> 0 | BF94: Total Price | BG94: =SUM(BF76:BF90) + BG93 -> 0 | BL94: Total Price | BM94: =SUM(BL76:BL90) + BM93 -> 0
D95: Price per 1 | E95: =IF(E73 > 0, E94 / E73, 0) -> 0 | J95: Price per 1 | K95: =IF(K73 > 0, K94 / K73, 0) -> 0 | P95: Price per 1 | Q95: =IF(Q73 > 0, Q94 / Q73, 0) -> 0 | V95: Price per 1 | W95: =IF(W73 > 0, W94 / W73, 0) -> 0 | AB95: Price per 1 | AC95: =IF(AC73 > 0, AC94 / AC73, 0) -> 0 | AH95: Price per 1 | AI95: =IF(AI73 > 0, AI94 / AI73, 0) -> 0 | AN95: Price per 1 | AO95: =IF(AO73 > 0, AO94 / AO73, 0) -> 0 | AT95: Price per 1 | AU95: =IF(AU73 > 0, AU94 / AU73, 0) -> 0 | AZ95: Price per 1 | BA95: =IF(BA73 > 0, BA94 / BA73, 0) -> 0 | BF95: Price per 1 | BG95: =IF(BG73 > 0, BG94 / BG73, 0) -> 0 | BL95: Price per 1 | BM95: =IF(BM73 > 0, BM94 / BM73, 0) -> 0
A97: Product name | D97: portion | G97: Product name | J97: portion | M97: Product name | P97: portion | S97: Product name | V97: portion | Y97: Product name | AB97: portion | AE97: Product name | AH97: portion | AK97: Product name | AN97: portion | AQ97: Product name | AT97: portion | AW97: Product name | AZ97: portion | BC97: Product name | BF97: portion | BI97: Product name | BL97: portion
A99: # | B99: Grocery | C99: Quantity | D99: price | G99: # | H99: Grocery | I99: Quantity | J99: price | M99: # | N99: Grocery | O99: Quantity | P99: price | S99: # | T99: Grocery | U99: Quantity | V99: price | Y99: # | Z99: Grocery | AA99: Quantity | AB99: price | AE99: # | AF99: Grocery | AG99: Quantity | AH99: price | AK99: # | AL99: Grocery | AM99: Quantity | AN99: price | AQ99: # | AR99: Grocery | AS99: Quantity | AT99: price | AW99: # | AX99: Grocery | AY99: Quantity | AZ99: price | BC99: # | BD99: Grocery | BE99: Quantity | BF99: price | BI99: # | BJ99: Grocery | BK99: Quantity | BL99: price
A100: 1 | D100: =IFERROR(C100 * VLOOKUP(B100, settings!$A$2:$F$500, 4, FALSE), 0) -> 0 | G100: 1 | J100: =IFERROR(I100 * VLOOKUP(H100, settings!$A$2:$F$500, 4, FALSE), 0) -> 0 | M100: 1 | P100: =IFERROR(O100 * VLOOKUP(N100, settings!$A$2:$F$500, 4, FALSE), 0) -> 0 | S100: 1 | V100: =IFERROR(U100 * VLOOKUP(T100, settings!$A$2:$F$500, 4, FALSE), 0) -> 0 | Y100: 1 | AB100: =IFERROR(AA100 * VLOOKUP(Z100, settings!$A$2:$F$500, 4, FALSE), 0) -> 0 | AE100: 1 | AH100: =IFERROR(AG100 * VLOOKUP(AF100, settings!$A$2:$F$500, 4, FALSE), 0) -> 0 | AK100: 1 | AN100: =IFERROR(AM100 * VLOOKUP(AL100, settings!$A$2:$F$500, 4, FALSE), 0) -> 0 | AQ100: 1 | AT100: =IFERROR(AS100 * VLOOKUP(AR100, settings!$A$2:$F$500, 4, FALSE), 0) -> 0 | AW100: 1 | AZ100: =IFERROR(AY100 * VLOOKUP(AX100, settings!$A$2:$F$500, 4, FALSE), 0) -> 0 | BC100: 1 | BF100: =IFERROR(BE100 * VLOOKUP(BD100, settings!$A$2:$F$500, 4, FALSE), 0) -> 0 | BI100: 1 | BL100: =IFERROR(BK100 * VLOOKUP(BJ100, settings!$A$2:$F$500, 4, FALSE), 0) -> 0
A101: 2 | D101: =IFERROR(C101 * VLOOKUP(B101, settings!$A$2:$F$500, 4, FALSE), 0) -> 0 | G101: 2 | J101: =IFERROR(I101 * VLOOKUP(H101, settings!$A$2:$F$500, 4, FALSE), 0) -> 0 | M101: 2 | P101: =IFERROR(O101 * VLOOKUP(N101, settings!$A$2:$F$500, 4, FALSE), 0) -> 0 | S101: 2 | V101: =IFERROR(U101 * VLOOKUP(T101, settings!$A$2:$F$500, 4, FALSE), 0) -> 0 | Y101: 2 | AB101: =IFERROR(AA101 * VLOOKUP(Z101, settings!$A$2:$F$500, 4, FALSE), 0) -> 0 | AE101: 2 | AH101: =IFERROR(AG101 * VLOOKUP(AF101, settings!$A$2:$F$500, 4, FALSE), 0) -> 0 | AK101: 2 | AN101: =IFERROR(AM101 * VLOOKUP(AL101, settings!$A$2:$F$500, 4, FALSE), 0) -> 0 | AQ101: 2 | AT101: =IFERROR(AS101 * VLOOKUP(AR101, settings!$A$2:$F$500, 4, FALSE), 0) -> 0 | AW101: 2 | AZ101: =IFERROR(AY101 * VLOOKUP(AX101, settings!$A$2:$F$500, 4, FALSE), 0) -> 0 | BC101: 2 | BF101: =IFERROR(BE101 * VLOOKUP(BD101, settings!$A$2:$F$500, 4, FALSE), 0) -> 0 | BI101: 2 | BL101: =IFERROR(BK101 * VLOOKUP(BJ101, settings!$A$2:$F$500, 4, FALSE), 0) -> 0
A102: 3 | D102: =IFERROR(C102 * VLOOKUP(B102, settings!$A$2:$F$500, 4, FALSE), 0) -> 0 | G102: 3 | J102: =IFERROR(I102 * VLOOKUP(H102, settings!$A$2:$F$500, 4, FALSE), 0) -> 0 | M102: 3 | P102: =IFERROR(O102 * VLOOKUP(N102, settings!$A$2:$F$500, 4, FALSE), 0) -> 0 | S102: 3 | V102: =IFERROR(U102 * VLOOKUP(T102, settings!$A$2:$F$500, 4, FALSE), 0) -> 0 | Y102: 3 | AB102: =IFERROR(AA102 * VLOOKUP(Z102, settings!$A$2:$F$500, 4, FALSE), 0) -> 0 | AE102: 3 | AH102: =IFERROR(AG102 * VLOOKUP(AF102, settings!$A$2:$F$500, 4, FALSE), 0) -> 0 | AK102: 3 | AN102: =IFERROR(AM102 * VLOOKUP(AL102, settings!$A$2:$F$500, 4, FALSE), 0) -> 0 | AQ102: 3 | AT102: =IFERROR(AS102 * VLOOKUP(AR102, settings!$A$2:$F$500, 4, FALSE), 0) -> 0 | AW102: 3 | AZ102: =IFERROR(AY102 * VLOOKUP(AX102, settings!$A$2:$F$500, 4, FALSE), 0) -> 0 | BC102: 3 | BF102: =IFERROR(BE102 * VLOOKUP(BD102, settings!$A$2:$F$500, 4, FALSE), 0) -> 0 | BI102: 3 | BL102: =IFERROR(BK102 * VLOOKUP(BJ102, settings!$A$2:$F$500, 4, FALSE), 0) -> 0
A103: 4 | D103: =IFERROR(C103 * VLOOKUP(B103, settings!$A$2:$F$500, 4, FALSE), 0) -> 0 | G103: 4 | J103: =IFERROR(I103 * VLOOKUP(H103, settings!$A$2:$F$500, 4, FALSE), 0) -> 0 | M103: 4 | P103: =IFERROR(O103 * VLOOKUP(N103, settings!$A$2:$F$500, 4, FALSE), 0) -> 0 | S103: 4 | V103: =IFERROR(U103 * VLOOKUP(T103, settings!$A$2:$F$500, 4, FALSE), 0) -> 0 | Y103: 4 | AB103: =IFERROR(AA103 * VLOOKUP(Z103, settings!$A$2:$F$500, 4, FALSE), 0) -> 0 | AE103: 4 | AH103: =IFERROR(AG103 * VLOOKUP(AF103, settings!$A$2:$F$500, 4, FALSE), 0) -> 0 | AK103: 4 | AN103: =IFERROR(AM103 * VLOOKUP(AL103, settings!$A$2:$F$500, 4, FALSE), 0) -> 0 | AQ103: 4 | AT103: =IFERROR(AS103 * VLOOKUP(AR103, settings!$A$2:$F$500, 4, FALSE), 0) -> 0 | AW103: 4 | AZ103: =IFERROR(AY103 * VLOOKUP(AX103, settings!$A$2:$F$500, 4, FALSE), 0) -> 0 | BC103: 4 | BF103: =IFERROR(BE103 * VLOOKUP(BD103, settings!$A$2:$F$500, 4, FALSE), 0) -> 0 | BI103: 4 | BL103: =IFERROR(BK103 * VLOOKUP(BJ103, settings!$A$2:$F$500, 4, FALSE), 0) -> 0
A104: 5 | D104: =IFERROR(C104 * VLOOKUP(B104, settings!$A$2:$F$500, 4, FALSE), 0) -> 0 | G104: 5 | J104: =IFERROR(I104 * VLOOKUP(H104, settings!$A$2:$F$500, 4, FALSE), 0) -> 0 | M104: 5 | P104: =IFERROR(O104 * VLOOKUP(N104, settings!$A$2:$F$500, 4, FALSE), 0) -> 0 | S104: 5 | V104: =IFERROR(U104 * VLOOKUP(T104, settings!$A$2:$F$500, 4, FALSE), 0) -> 0 | Y104: 5 | AB104: =IFERROR(AA104 * VLOOKUP(Z104, settings!$A$2:$F$500, 4, FALSE), 0) -> 0 | AE104: 5 | AH104: =IFERROR(AG104 * VLOOKUP(AF104, settings!$A$2:$F$500, 4, FALSE), 0) -> 0 | AK104: 5 | AN104: =IFERROR(AM104 * VLOOKUP(AL104, settings!$A$2:$F$500, 4, FALSE), 0) -> 0 | AQ104: 5 | AT104: =IFERROR(AS104 * VLOOKUP(AR104, settings!$A$2:$F$500, 4, FALSE), 0) -> 0 | AW104: 5 | AZ104: =IFERROR(AY104 * VLOOKUP(AX104, settings!$A$2:$F$500, 4, FALSE), 0) -> 0 | BC104: 5 | BF104: =IFERROR(BE104 * VLOOKUP(BD104, settings!$A$2:$F$500, 4, FALSE), 0) -> 0 | BI104: 5 | BL104: =IFERROR(BK104 * VLOOKUP(BJ104, settings!$A$2:$F$500, 4, FALSE), 0) -> 0
A105: 6 | D105: =IFERROR(C105 * VLOOKUP(B105, settings!$A$2:$F$500, 4, FALSE), 0) -> 0 | G105: 6 | J105: =IFERROR(I105 * VLOOKUP(H105, settings!$A$2:$F$500, 4, FALSE), 0) -> 0 | M105: 6 | P105: =IFERROR(O105 * VLOOKUP(N105, settings!$A$2:$F$500, 4, FALSE), 0) -> 0 | S105: 6 | V105: =IFERROR(U105 * VLOOKUP(T105, settings!$A$2:$F$500, 4, FALSE), 0) -> 0 | Y105: 6 | AB105: =IFERROR(AA105 * VLOOKUP(Z105, settings!$A$2:$F$500, 4, FALSE), 0) -> 0 | AE105: 6 | AH105: =IFERROR(AG105 * VLOOKUP(AF105, settings!$A$2:$F$500, 4, FALSE), 0) -> 0 | AK105: 6 | AN105: =IFERROR(AM105 * VLOOKUP(AL105, settings!$A$2:$F$500, 4, FALSE), 0) -> 0 | AQ105: 6 | AT105: =IFERROR(AS105 * VLOOKUP(AR105, settings!$A$2:$F$500, 4, FALSE), 0) -> 0 | AW105: 6 | AZ105: =IFERROR(AY105 * VLOOKUP(AX105, settings!$A$2:$F$500, 4, FALSE), 0) -> 0 | BC105: 6 | BF105: =IFERROR(BE105 * VLOOKUP(BD105, settings!$A$2:$F$500, 4, FALSE), 0) -> 0 | BI105: 6 | BL105: =IFERROR(BK105 * VLOOKUP(BJ105, settings!$A$2:$F$500, 4, FALSE), 0) -> 0
A106: 7 | D106: =IFERROR(C106 * VLOOKUP(B106, settings!$A$2:$F$500, 4, FALSE), 0) -> 0 | G106: 7 | J106: =IFERROR(I106 * VLOOKUP(H106, settings!$A$2:$F$500, 4, FALSE), 0) -> 0 | M106: 7 | P106: =IFERROR(O106 * VLOOKUP(N106, settings!$A$2:$F$500, 4, FALSE), 0) -> 0 | S106: 7 | V106: =IFERROR(U106 * VLOOKUP(T106, settings!$A$2:$F$500, 4, FALSE), 0) -> 0 | Y106: 7 | AB106: =IFERROR(AA106 * VLOOKUP(Z106, settings!$A$2:$F$500, 4, FALSE), 0) -> 0 | AE106: 7 | AH106: =IFERROR(AG106 * VLOOKUP(AF106, settings!$A$2:$F$500, 4, FALSE), 0) -> 0 | AK106: 7 | AN106: =IFERROR(AM106 * VLOOKUP(AL106, settings!$A$2:$F$500, 4, FALSE), 0) -> 0 | AQ106: 7 | AT106: =IFERROR(AS106 * VLOOKUP(AR106, settings!$A$2:$F$500, 4, FALSE), 0) -> 0 | AW106: 7 | AZ106: =IFERROR(AY106 * VLOOKUP(AX106, settings!$A$2:$F$500, 4, FALSE), 0) -> 0 | BC106: 7 | BF106: =IFERROR(BE106 * VLOOKUP(BD106, settings!$A$2:$F$500, 4, FALSE), 0) -> 0 | BI106: 7 | BL106: =IFERROR(BK106 * VLOOKUP(BJ106, settings!$A$2:$F$500, 4, FALSE), 0) -> 0
A107: 8 | D107: =IFERROR(C107 * VLOOKUP(B107, settings!$A$2:$F$500, 4, FALSE), 0) -> 0 | G107: 8 | J107: =IFERROR(I107 * VLOOKUP(H107, settings!$A$2:$F$500, 4, FALSE), 0) -> 0 | M107: 8 | P107: =IFERROR(O107 * VLOOKUP(N107, settings!$A$2:$F$500, 4, FALSE), 0) -> 0 | S107: 8 | V107: =IFERROR(U107 * VLOOKUP(T107, settings!$A$2:$F$500, 4, FALSE), 0) -> 0 | Y107: 8 | AB107: =IFERROR(AA107 * VLOOKUP(Z107, settings!$A$2:$F$500, 4, FALSE), 0) -> 0 | AE107: 8 | AH107: =IFERROR(AG107 * VLOOKUP(AF107, settings!$A$2:$F$500, 4, FALSE), 0) -> 0 | AK107: 8 | AN107: =IFERROR(AM107 * VLOOKUP(AL107, settings!$A$2:$F$500, 4, FALSE), 0) -> 0 | AQ107: 8 | AT107: =IFERROR(AS107 * VLOOKUP(AR107, settings!$A$2:$F$500, 4, FALSE), 0) -> 0 | AW107: 8 | AZ107: =IFERROR(AY107 * VLOOKUP(AX107, settings!$A$2:$F$500, 4, FALSE), 0) -> 0 | BC107: 8 | BF107: =IFERROR(BE107 * VLOOKUP(BD107, settings!$A$2:$F$500, 4, FALSE), 0) -> 0 | BI107: 8 | BL107: =IFERROR(BK107 * VLOOKUP(BJ107, settings!$A$2:$F$500, 4, FALSE), 0) -> 0
A108: 9 | D108: =IFERROR(C108 * VLOOKUP(B108, settings!$A$2:$F$500, 4, FALSE), 0) -> 0 | G108: 9 | J108: =IFERROR(I108 * VLOOKUP(H108, settings!$A$2:$F$500, 4, FALSE), 0) -> 0 | M108: 9 | P108: =IFERROR(O108 * VLOOKUP(N108, settings!$A$2:$F$500, 4, FALSE), 0) -> 0 | S108: 9 | V108: =IFERROR(U108 * VLOOKUP(T108, settings!$A$2:$F$500, 4, FALSE), 0) -> 0 | Y108: 9 | AB108: =IFERROR(AA108 * VLOOKUP(Z108, settings!$A$2:$F$500, 4, FALSE), 0) -> 0 | AE108: 9 | AH108: =IFERROR(AG108 * VLOOKUP(AF108, settings!$A$2:$F$500, 4, FALSE), 0) -> 0 | AK108: 9 | AN108: =IFERROR(AM108 * VLOOKUP(AL108, settings!$A$2:$F$500, 4, FALSE), 0) -> 0 | AQ108: 9 | AT108: =IFERROR(AS108 * VLOOKUP(AR108, settings!$A$2:$F$500, 4, FALSE), 0) -> 0 | AW108: 9 | AZ108: =IFERROR(AY108 * VLOOKUP(AX108, settings!$A$2:$F$500, 4, FALSE), 0) -> 0 | BC108: 9 | BF108: =IFERROR(BE108 * VLOOKUP(BD108, settings!$A$2:$F$500, 4, FALSE), 0) -> 0 | BI108: 9 | BL108: =IFERROR(BK108 * VLOOKUP(BJ108, settings!$A$2:$F$500, 4, FALSE), 0) -> 0
A109: 10 | D109: =IFERROR(C109 * VLOOKUP(B109, settings!$A$2:$F$500, 4, FALSE), 0) -> 0 | G109: 10 | J109: =IFERROR(I109 * VLOOKUP(H109, settings!$A$2:$F$500, 4, FALSE), 0) -> 0 | M109: 10 | P109: =IFERROR(O109 * VLOOKUP(N109, settings!$A$2:$F$500, 4, FALSE), 0) -> 0 | S109: 10 | V109: =IFERROR(U109 * VLOOKUP(T109, settings!$A$2:$F$500, 4, FALSE), 0) -> 0 | Y109: 10 | AB109: =IFERROR(AA109 * VLOOKUP(Z109, settings!$A$2:$F$500, 4, FALSE), 0) -> 0 | AE109: 10 | AH109: =IFERROR(AG109 * VLOOKUP(AF109, settings!$A$2:$F$500, 4, FALSE), 0) -> 0 | AK109: 10 | AN109: =IFERROR(AM109 * VLOOKUP(AL109, settings!$A$2:$F$500, 4, FALSE), 0) -> 0 | AQ109: 10 | AT109: =IFERROR(AS109 * VLOOKUP(AR109, settings!$A$2:$F$500, 4, FALSE), 0) -> 0 | AW109: 10 | AZ109: =IFERROR(AY109 * VLOOKUP(AX109, settings!$A$2:$F$500, 4, FALSE), 0) -> 0 | BC109: 10 | BF109: =IFERROR(BE109 * VLOOKUP(BD109, settings!$A$2:$F$500, 4, FALSE), 0) -> 0 | BI109: 10 | BL109: =IFERROR(BK109 * VLOOKUP(BJ109, settings!$A$2:$F$500, 4, FALSE), 0) -> 0
A110: 11 | D110: =IFERROR(C110 * VLOOKUP(B110, settings!$A$2:$F$500, 4, FALSE), 0) -> 0 | G110: 11 | J110: =IFERROR(I110 * VLOOKUP(H110, settings!$A$2:$F$500, 4, FALSE), 0) -> 0 | M110: 11 | P110: =IFERROR(O110 * VLOOKUP(N110, settings!$A$2:$F$500, 4, FALSE), 0) -> 0 | S110: 11 | V110: =IFERROR(U110 * VLOOKUP(T110, settings!$A$2:$F$500, 4, FALSE), 0) -> 0 | Y110: 11 | AB110: =IFERROR(AA110 * VLOOKUP(Z110, settings!$A$2:$F$500, 4, FALSE), 0) -> 0 | AE110: 11 | AH110: =IFERROR(AG110 * VLOOKUP(AF110, settings!$A$2:$F$500, 4, FALSE), 0) -> 0 | AK110: 11 | AN110: =IFERROR(AM110 * VLOOKUP(AL110, settings!$A$2:$F$500, 4, FALSE), 0) -> 0 | AQ110: 11 | AT110: =IFERROR(AS110 * VLOOKUP(AR110, settings!$A$2:$F$500, 4, FALSE), 0) -> 0 | AW110: 11 | AZ110: =IFERROR(AY110 * VLOOKUP(AX110, settings!$A$2:$F$500, 4, FALSE), 0) -> 0 | BC110: 11 | BF110: =IFERROR(BE110 * VLOOKUP(BD110, settings!$A$2:$F$500, 4, FALSE), 0) -> 0 | BI110: 11 | BL110: =IFERROR(BK110 * VLOOKUP(BJ110, settings!$A$2:$F$500, 4, FALSE), 0) -> 0
A111: 12 | D111: =IFERROR(C111 * VLOOKUP(B111, settings!$A$2:$F$500, 4, FALSE), 0) -> 0 | G111: 12 | J111: =IFERROR(I111 * VLOOKUP(H111, settings!$A$2:$F$500, 4, FALSE), 0) -> 0 | M111: 12 | P111: =IFERROR(O111 * VLOOKUP(N111, settings!$A$2:$F$500, 4, FALSE), 0) -> 0 | S111: 12 | V111: =IFERROR(U111 * VLOOKUP(T111, settings!$A$2:$F$500, 4, FALSE), 0) -> 0 | Y111: 12 | AB111: =IFERROR(AA111 * VLOOKUP(Z111, settings!$A$2:$F$500, 4, FALSE), 0) -> 0 | AE111: 12 | AH111: =IFERROR(AG111 * VLOOKUP(AF111, settings!$A$2:$F$500, 4, FALSE), 0) -> 0 | AK111: 12 | AN111: =IFERROR(AM111 * VLOOKUP(AL111, settings!$A$2:$F$500, 4, FALSE), 0) -> 0 | AQ111: 12 | AT111: =IFERROR(AS111 * VLOOKUP(AR111, settings!$A$2:$F$500, 4, FALSE), 0) -> 0 | AW111: 12 | AZ111: =IFERROR(AY111 * VLOOKUP(AX111, settings!$A$2:$F$500, 4, FALSE), 0) -> 0 | BC111: 12 | BF111: =IFERROR(BE111 * VLOOKUP(BD111, settings!$A$2:$F$500, 4, FALSE), 0) -> 0 | BI111: 12 | BL111: =IFERROR(BK111 * VLOOKUP(BJ111, settings!$A$2:$F$500, 4, FALSE), 0) -> 0
... A114: 15 | D114: =IFERROR(C114 * VLOOKUP(B114, settings!$A$2:$F$500, 4, FALSE), 0) -> 0 | G114: 15 | J114: =IFERROR(I114 * VLOOKUP(H114, settings!$A$2:$F$500, 4, FALSE), 0) -> 0 | M114: 15 | P114: =IFERROR(O114 * VLOOKUP(N114, settings!$A$2:$F$500, 4, FALSE), 0) -> 0 | S114: 15 | V114: =IFERROR(U114 * VLOOKUP(T114, settings!$A$2:$F$500, 4, FALSE), 0) -> 0 | Y114: 15 | AB114: =IFERROR(AA114 * VLOOKUP(Z114, settings!$A$2:$F$500, 4, FALSE), 0) -> 0 | AE114: 15 | AH114: =IFERROR(AG114 * VLOOKUP(AF114, settings!$A$2:$F$500, 4, FALSE), 0) -> 0 | AK114: 15 | AN114: =IFERROR(AM114 * VLOOKUP(AL114, settings!$A$2:$F$500, 4, FALSE), 0) -> 0 | AQ114: 15 | AT114: =IFERROR(AS114 * VLOOKUP(AR114, settings!$A$2:$F$500, 4, FALSE), 0) -> 0 | AW114: 15 | AZ114: =IFERROR(AY114 * VLOOKUP(AX114, settings!$A$2:$F$500, 4, FALSE), 0) -> 0 | BC114: 15 | BF114: =IFERROR(BE114 * VLOOKUP(BD114, settings!$A$2:$F$500, 4, FALSE), 0) -> 0 | BI114: 15 | BL114: =IFERROR(BK114 * VLOOKUP(BJ114, settings!$A$2:$F$500, 4, FALSE), 0) -> 0
D115: depreciation(%) | J115: depreciation(%) | P115: depreciation(%) | V115: depreciation(%) | AB115: depreciation(%) | AH115: depreciation(%) | AN115: depreciation(%) | AT115: depreciation(%) | AZ115: depreciation(%) | BF115: depreciation(%) | BL115: depreciation(%)
D116: Work(%) | J116: Work(%) | P116: Work(%) | V116: Work(%) | AB116: Work(%) | AH116: Work(%) | AN116: Work(%) | AT116: Work(%) | AZ116: Work(%) | BF116: Work(%) | BL116: Work(%)
D117: Work + deprec. | E117: =SUM(D100:D114) * (E115 + E116) -> 0 | J117: Work + deprec. | K117: =SUM(J100:J114) * (K115 + K116) -> 0 | P117: Work + deprec. | Q117: =SUM(P100:P114) * (Q115 + Q116) -> 0 | V117: Work + deprec. | W117: =SUM(V100:V114) * (W115 + W116) -> 0 | AB117: Work + deprec. | AC117: =SUM(AB100:AB114) * (AC115 + AC116) -> 0 | AH117: Work + deprec. | AI117: =SUM(AH100:AH114) * (AI115 + AI116) -> 0 | AN117: Work + deprec. | AO117: =SUM(AN100:AN114) * (AO115 + AO116) -> 0 | AT117: Work + deprec. | AU117: =SUM(AT100:AT114) * (AU115 + AU116) -> 0 | AZ117: Work + deprec. | BA117: =SUM(AZ100:AZ114) * (BA115 + BA116) -> 0 | BF117: Work + deprec. | BG117: =SUM(BF100:BF114) * (BG115 + BG116) -> 0 | BL117: Work + deprec. | BM117: =SUM(BL100:BL114) * (BM115 + BM116) -> 0
D118: Total Price | E118: =SUM(D100:D114) + E117 -> 0 | J118: Total Price | K118: =SUM(J100:J114) + K117 -> 0 | P118: Total Price | Q118: =SUM(P100:P114) + Q117 -> 0 | V118: Total Price | W118: =SUM(V100:V114) + W117 -> 0 | AB118: Total Price | AC118: =SUM(AB100:AB114) + AC117 -> 0 | AH118: Total Price | AI118: =SUM(AH100:AH114) + AI117 -> 0 | AN118: Total Price | AO118: =SUM(AN100:AN114) + AO117 -> 0 | AT118: Total Price | AU118: =SUM(AT100:AT114) + AU117 -> 0 | AZ118: Total Price | BA118: =SUM(AZ100:AZ114) + BA117 -> 0 | BF118: Total Price | BG118: =SUM(BF100:BF114) + BG117 -> 0 | BL118: Total Price | BM118: =SUM(BL100:BL114) + BM117 -> 0
D119: Price per 1 | E119: =IF(E97 > 0, E118 / E97, 0) -> 0 | J119: Price per 1 | K119: =IF(K97 > 0, K118 / K97, 0) -> 0 | P119: Price per 1 | Q119: =IF(Q97 > 0, Q118 / Q97, 0) -> 0 | V119: Price per 1 | W119: =IF(W97 > 0, W118 / W97, 0) -> 0 | AB119: Price per 1 | AC119: =IF(AC97 > 0, AC118 / AC97, 0) -> 0 | AH119: Price per 1 | AI119: =IF(AI97 > 0, AI118 / AI97, 0) -> 0 | AN119: Price per 1 | AO119: =IF(AO97 > 0, AO118 / AO97, 0) -> 0 | AT119: Price per 1 | AU119: =IF(AU97 > 0, AU118 / AU97, 0) -> 0 | AZ119: Price per 1 | BA119: =IF(BA97 > 0, BA118 / BA97, 0) -> 0 | BF119: Price per 1 | BG119: =IF(BG97 > 0, BG118 / BG97, 0) -> 0 | BL119: Price per 1 | BM119: =IF(BM97 > 0, BM118 / BM97, 0) -> 0

Sheet settings
A1: Product | B1: price(per 1 pac) | C1: quantity(g) | D1: price (per 1ml/g) | E1: price (per 100g/ml) | F1: Link on product
D2: =IF(C2>0, B2/C2, 0) -> 0 | E2: =D2*100 -> 0
D3: =IF(C3>0, B3/C3, 0) -> 0 | E3: =D3*100 -> 0
D4: =IF(C4>0, B4/C4, 0) -> 0 | E4: =D4*100 -> 0
D5: =IF(C5>0, B5/C5, 0) -> 0 | E5: =D5*100 -> 0
D6: =IF(C6>0, B6/C6, 0) -> 0 | E6: =D6*100 -> 0
D7: =IF(C7>0, B7/C7, 0) -> 0 | E7: =D7*100 -> 0
D8: =IF(C8>0, B8/C8, 0) -> 0 | E8: =D8*100 -> 0
D9: =IF(C9>0, B9/C9, 0) -> 0 | E9: =D9*100 -> 0
D10: =IF(C10>0, B10/C10, 0) -> 0 | E10: =D10*100 -> 0
D11: =IF(C11>0, B11/C11, 0) -> 0 | E11: =D11*100 -> 0
D12: =IF(C12>0, B12/C12, 0) -> 0 | E12: =D12*100 -> 0
D13: =IF(C13>0, B13/C13, 0) -> 0 | E13: =D13*100 -> 0
... D500: =IF(C500>0, B500/C500, 0) -> 0 | E500: =D500*100 -> 0
